participant,age,female,trial,date,time,condition,crowding_axis,n_errors,n_hits,prop_correct,dot1,is_target1,dot2,is_target2,dot3,is_target3,dot4,is_target4,dot5,is_target5
02_RB,30,0,0,21/08/2013,12:22:23 pm,vertical,strong,1,4,0.8,0,1,1,1,4,1,6,1,9,0
02_RB,30,0,1,21/08/2013,12:22:48 pm,vertical,strong,1,4,0.8,0,1,1,1,3,1,4,1,9,0
02_RB,30,0,2,21/08/2013,12:23:11 pm,horizontal,weak,1,4,0.8,0,1,2,1,3,1,5,0,7,1
02_RB,30,0,3,21/08/2013,12:23:32 pm,horizontal,weak,3,2,0.4,3,1,4,0,5,0,6,1,8,0
02_RB,30,0,4,21/08/2013,12:23:55 pm,horizontal,weak,0,5,1.0,0,1,1,1,2,1,4,1,8,1
02_RB,30,0,5,21/08/2013,12:24:17 pm,vertical,strong,1,4,0.8,0,1,1,1,2,1,3,1,6,0
02_RB,30,0,6,21/08/2013,12:24:41 pm,horizontal,weak,2,3,0.6,1,1,2,1,5,1,6,0,7,0
02_RB,30,0,7,21/08/2013,12:25:03 pm,vertical,strong,1,4,0.8,0,1,1,1,3,1,8,0,9,1
02_RB,30,0,8,21/08/2013,12:25:25 pm,vertical,strong,1,4,0.8,0,1,1,1,3,1,8,1,9,0
02_RB,30,0,9,21/08/2013,12:25:48 pm,vertical,strong,1,4,0.8,0,1,1,0,3,1,4,1,9,1
02_RB,30,0,10,21/08/2013,12:26:10 pm,horizontal,weak,1,4,0.8,0,1,1,1,4,1,6,1,7,0
02_RB,30,0,11,21/08/2013,12:26:34 pm,vertical,strong,2,3,0.6,0,1,2,1,3,1,4,0,8,0
02_RB,30,0,12,21/08/2013,12:26:57 pm,vertical,strong,1,4,0.8,0,1,2,1,4,1,5,0,9,1
02_RB,30,0,13,21/08/2013,12:27:20 pm,horizontal,weak,2,3,0.6,1,0,2,1,3,1,8,0,9,1
02_RB,30,0,14,21/08/2013,12:27:41 pm,vertical,strong,1,4,0.8,0,1,1,0,3,1,6,1,9,1
02_RB,30,0,15,21/08/2013,12:28:02 pm,horizontal,weak,1,4,0.8,1,1,2,1,3,1,5,1,8,0
02_RB,30,0,16,21/08/2013,12:28:24 pm,vertical,strong,0,5,1.0,0,1,2,1,3,1,8,1,9,1
02_RB,30,0,17,21/08/2013,12:28:44 pm,horizontal,weak,1,4,0.8,0,1,3,1,4,1,6,1,7,0
02_RB,30,0,18,21/08/2013,12:29:04 pm,horizontal,weak,0,5,1.0,0,1,1,1,2,1,6,1,8,1
02_RB,30,0,19,21/08/2013,12:29:27 pm,vertical,strong,1,4,0.8,0,1,1,1,4,0,6,1,7,1
02_RB,30,0,20,21/08/2013,12:30:49 pm,horizontal,weak,0,5,1.0,0,1,1,1,2,1,4,1,8,1
02_RB,30,0,21,21/08/2013,12:31:08 pm,horizontal,weak,1,4,0.8,0,1,2,1,3,1,5,1,9,0
02_RB,30,0,22,21/08/2013,12:31:28 pm,horizontal,weak,3,2,0.4,1,1,3,0,4,0,6,1,7,0
02_RB,30,0,23,21/08/2013,12:31:49 pm,vertical,strong,1,4,0.8,0,1,2,1,5,0,7,1,8,1
02_RB,30,0,24,21/08/2013,12:32:08 pm,horizontal,weak,0,5,1.0,0,1,1,1,2,1,3,1,6,1
02_RB,30,0,25,21/08/2013,12:32:27 pm,vertical,strong,1,4,0.8,0,1,1,1,2,1,3,1,4,0
02_RB,30,0,26,21/08/2013,12:32:49 pm,vertical,strong,1,4,0.8,0,1,1,1,2,1,4,1,6,0
02_RB,30,0,27,21/08/2013,12:33:12 pm,vertical,strong,1,4,0.8,0,1,1,1,4,1,5,1,7,0
02_RB,30,0,28,21/08/2013,12:33:33 pm,horizontal,weak,1,4,0.8,1,1,2,1,3,1,5,0,6,1
02_RB,30,0,29,21/08/2013,12:33:56 pm,horizontal,weak,0,5,1.0,0,1,1,1,5,1,6,1,9,1
02_RB,30,0,30,21/08/2013,12:34:17 pm,vertical,strong,2,3,0.6,0,1,1,1,3,1,6,0,9,0
02_RB,30,0,31,21/08/2013,12:34:37 pm,horizontal,weak,0,5,1.0,0,1,1,1,3,1,4,1,6,1
02_RB,30,0,32,21/08/2013,12:34:58 pm,vertical,strong,0,5,1.0,0,1,1,1,5,1,6,1,9,1
02_RB,30,0,33,21/08/2013,12:35:21 pm,horizontal,weak,0,5,1.0,0,1,2,1,3,1,4,1,7,1
02_RB,30,0,34,21/08/2013,12:35:43 pm,vertical,strong,0,5,1.0,0,1,1,1,2,1,4,1,7,1
02_RB,30,0,35,21/08/2013,12:36:06 pm,horizontal,weak,0,5,1.0,0,1,1,1,2,1,4,1,8,1
02_RB,30,0,36,21/08/2013,12:36:26 pm,horizontal,weak,1,4,0.8,1,1,2,1,3,1,7,1,8,0
02_RB,30,0,37,21/08/2013,12:36:45 pm,vertical,strong,0,5,1.0,0,1,1,1,2,1,4,1,5,1
02_RB,30,0,38,21/08/2013,12:37:06 pm,vertical,strong,1,4,0.8,1,1,2,1,3,0,5,1,9,1
02_RB,30,0,39,21/08/2013,12:37:26 pm,horizontal,weak,1,4,0.8,0,1,1,1,2,1,5,0,9,1
02_RB,30,0,40,21/08/2013,12:37:49 pm,horizontal,weak,1,4,0.8,1,0,2,1,3,1,5,1,7,1
02_RB,30,0,41,21/08/2013,12:38:51 pm,vertical,strong,0,5,1.0,0,1,2,1,7,1,8,1,9,1
02_RB,30,0,42,21/08/2013,12:39:10 pm,vertical,strong,0,5,1.0,0,1,1,1,6,1,7,1,9,1
02_RB,30,0,43,21/08/2013,12:39:30 pm,vertical,strong,1,4,0.8,0,1,2,1,3,1,5,1,6,0
02_RB,30,0,44,21/08/2013,12:39:49 pm,vertical,strong,0,5,1.0,0,1,1,1,3,1,4,1,9,1
02_RB,30,0,45,21/08/2013,12:40:07 pm,horizontal,weak,1,4,0.8,0,1,2,1,6,1,7,1,8,0
02_RB,30,0,46,21/08/2013,12:40:28 pm,horizontal,weak,0,5,1.0,0,1,1,1,2,1,4,1,6,1
02_RB,30,0,47,21/08/2013,12:40:48 pm,horizontal,weak,0,5,1.0,0,1,1,1,2,1,3,1,5,1
02_RB,30,0,48,21/08/2013,12:41:07 pm,vertical,strong,0,5,1.0,0,1,2,1,3,1,4,1,6,1
02_RB,30,0,49,21/08/2013,12:41:28 pm,vertical,strong,1,4,0.8,0,1,1,1,3,1,5,1,7,0
02_RB,30,0,50,21/08/2013,12:41:48 pm,horizontal,weak,0,5,1.0,0,1,1,1,4,1,5,1,6,1
02_RB,30,0,51,21/08/2013,12:42:07 pm,vertical,strong,1,4,0.8,1,1,2,1,3,1,6,0,8,1
02_RB,30,0,52,21/08/2013,12:42:27 pm,horizontal,weak,1,4,0.8,0,1,1,1,3,1,4,1,6,0
02_RB,30,0,53,21/08/2013,12:42:47 pm,horizontal,weak,0,5,1.0,0,1,1,1,2,1,3,1,5,1
02_RB,30,0,54,21/08/2013,12:43:08 pm,horizontal,weak,2,3,0.6,1,1,2,1,3,1,4,0,6,0
02_RB,30,0,55,21/08/2013,12:43:28 pm,vertical,strong,0,5,1.0,0,1,1,1,2,1,3,1,5,1
02_RB,30,0,56,21/08/2013,12:43:47 pm,vertical,strong,1,4,0.8,0,1,1,1,2,1,3,0,6,1
02_RB,30,0,57,21/08/2013,12:44:08 pm,horizontal,weak,1,4,0.8,0,1,2,1,5,1,6,0,8,1
02_RB,30,0,58,21/08/2013,12:44:29 pm,horizontal,weak,1,4,0.8,0,1,3,1,4,1,5,0,7,1
02_RB,30,0,59,21/08/2013,12:44:49 pm,vertical,strong,1,4,0.8,0,1,1,1,2,1,5,0,7,1
03_WB,28,0,0,21/08/2013,01:14:51 pm,horizontal,weak,1,4,0.8,1,1,2,1,3,1,4,0,7,1
03_WB,28,0,1,21/08/2013,01:15:16 pm,horizontal,weak,0,5,1.0,0,1,1,1,2,1,4,1,6,1
03_WB,28,0,2,21/08/2013,01:15:41 pm,vertical,strong,0,5,1.0,0,1,1,1,3,1,4,1,5,1
03_WB,28,0,3,21/08/2013,01:16:11 pm,horizontal,weak,3,2,0.4,3,0,4,1,6,1,8,0,9,0
03_WB,28,0,4,21/08/2013,01:16:35 pm,vertical,strong,0,5,1.0,0,1,1,1,2,1,5,1,9,1
03_WB,28,0,5,21/08/2013,01:17:02 pm,horizontal,weak,0,5,1.0,0,1,1,1,2,1,3,1,6,1
03_WB,28,0,6,21/08/2013,01:17:27 pm,vertical,strong,1,4,0.8,1,1,2,1,4,1,6,0,8,1
03_WB,28,0,7,21/08/2013,01:17:51 pm,vertical,strong,0,5,1.0,0,1,1,1,3,1,4,1,6,1
03_WB,28,0,8,21/08/2013,01:18:17 pm,horizontal,weak,1,4,0.8,0,1,1,1,2,1,4,1,6,0
03_WB,28,0,9,21/08/2013,01:18:43 pm,vertical,strong,2,3,0.6,0,1,2,1,3,1,4,0,8,0
03_WB,28,0,10,21/08/2013,01:19:07 pm,horizontal,weak,0,5,1.0,0,1,2,1,3,1,6,1,8,1
03_WB,28,0,11,21/08/2013,01:19:31 pm,vertical,strong,1,4,0.8,0,1,2,1,4,1,6,1,9,0
03_WB,28,0,12,21/08/2013,01:19:58 pm,horizontal,weak,1,4,0.8,0,1,1,1,2,1,4,1,6,0
03_WB,28,0,13,21/08/2013,01:20:24 pm,vertical,strong,0,5,1.0,0,1,1,1,2,1,3,1,8,1
03_WB,28,0,14,21/08/2013,01:20:49 pm,vertical,strong,1,4,0.8,0,1,1,1,4,1,5,0,9,1
03_WB,28,0,15,21/08/2013,01:21:14 pm,horizontal,weak,1,4,0.8,0,1,2,1,4,1,5,0,6,1
03_WB,28,0,16,21/08/2013,01:21:43 pm,vertical,strong,3,2,0.4,2,1,5,1,6,0,8,0,9,0
03_WB,28,0,17,21/08/2013,01:22:09 pm,vertical,strong,0,5,1.0,0,1,1,1,2,1,4,1,8,1
03_WB,28,0,18,21/08/2013,01:22:33 pm,horizontal,weak,0,5,1.0,0,1,1,1,2,1,3,1,5,1
03_WB,28,0,19,21/08/2013,01:22:57 pm,vertical,strong,0,5,1.0,0,1,1,1,2,1,4,1,5,1
03_WB,28,0,20,21/08/2013,01:24:20 pm,horizontal,weak,1,4,0.8,1,1,2,1,4,1,5,1,6,0
03_WB,28,0,21,21/08/2013,01:24:44 pm,horizontal,weak,1,4,0.8,0,1,1,1,5,1,8,1,9,0
03_WB,28,0,22,21/08/2013,01:25:07 pm,vertical,strong,1,4,0.8,1,1,2,1,3,1,4,0,9,1
03_WB,28,0,23,21/08/2013,01:25:30 pm,horizontal,weak,0,5,1.0,0,1,1,1,2,1,3,1,6,1
03_WB,28,0,24,21/08/2013,01:25:53 pm,horizontal,weak,1,4,0.8,2,1,3,1,6,1,8,1,9,0
03_WB,28,0,25,21/08/2013,01:26:17 pm,vertical,strong,1,4,0.8,1,1,2,1,3,1,5,1,8,0
03_WB,28,0,26,21/08/2013,01:26:43 pm,horizontal,weak,0,5,1.0,0,1,1,1,2,1,4,1,9,1
03_WB,28,0,27,21/08/2013,01:27:07 pm,horizontal,weak,1,4,0.8,0,1,3,1,4,1,6,0,8,1
03_WB,28,0,28,21/08/2013,01:27:32 pm,vertical,strong,1,4,0.8,0,1,2,1,3,1,6,1,9,0
03_WB,28,0,29,21/08/2013,01:27:58 pm,horizontal,weak,0,5,1.0,0,1,1,1,3,1,4,1,7,1
03_WB,28,0,30,21/08/2013,01:28:22 pm,horizontal,weak,2,3,0.6,0,1,2,1,5,1,8,0,9,0
03_WB,28,0,31,21/08/2013,01:28:45 pm,horizontal,weak,0,5,1.0,0,1,1,1,2,1,3,1,4,1
03_WB,28,0,32,21/08/2013,01:29:10 pm,horizontal,weak,1,4,0.8,1,1,2,1,6,0,8,1,9,1
03_WB,28,0,33,21/08/2013,01:29:43 pm,horizontal,weak,0,5,1.0,0,1,1,1,2,1,4,1,8,1
03_WB,28,0,34,21/08/2013,01:30:07 pm,vertical,strong,0,5,1.0,0,1,1,1,2,1,4,1,6,1
03_WB,28,0,35,21/08/2013,01:30:32 pm,vertical,strong,0,5,1.0,0,1,1,1,2,1,5,1,7,1
03_WB,28,0,36,21/08/2013,01:30:55 pm,horizontal,weak,2,3,0.6,1,1,3,0,4,0,5,1,8,1
03_WB,28,0,37,21/08/2013,01:31:18 pm,vertical,strong,1,4,0.8,0,1,1,1,2,1,3,1,9,0
03_WB,28,0,38,21/08/2013,01:31:42 pm,horizontal,weak,1,4,0.8,0,1,3,1,4,1,5,1,6,0
03_WB,28,0,39,21/08/2013,01:33:09 pm,vertical,strong,0,5,1.0,0,1,1,1,2,1,4,1,6,1
03_WB,28,0,40,21/08/2013,01:33:33 pm,vertical,strong,1,4,0.8,0,1,1,1,6,0,8,1,9,1
03_WB,28,0,41,21/08/2013,01:33:58 pm,vertical,strong,1,4,0.8,0,1,1,1,2,1,3,1,4,0
03_WB,28,0,42,21/08/2013,01:34:22 pm,vertical,strong,0,5,1.0,0,1,2,1,3,1,4,1,8,1
03_WB,28,0,43,21/08/2013,01:34:46 pm,horizontal,weak,0,5,1.0,0,1,1,1,2,1,4,1,7,1
03_WB,28,0,44,21/08/2013,01:35:09 pm,vertical,strong,0,5,1.0,0,1,1,1,2,1,4,1,8,1
03_WB,28,0,45,21/08/2013,01:35:32 pm,vertical,strong,0,5,1.0,0,1,1,1,2,1,3,1,7,1
03_WB,28,0,46,21/08/2013,01:35:57 pm,horizontal,weak,2,3,0.6,0,1,3,0,4,1,5,0,6,1
03_WB,28,0,47,21/08/2013,01:36:19 pm,vertical,strong,0,5,1.0,0,1,1,1,2,1,6,1,9,1
03_WB,28,0,48,21/08/2013,01:36:45 pm,vertical,strong,1,4,0.8,0,1,1,1,7,1,8,1,9,0
03_WB,28,0,49,21/08/2013,01:37:09 pm,vertical,strong,1,4,0.8,1,1,2,0,4,1,7,1,9,1
03_WB,28,0,50,21/08/2013,01:37:34 pm,horizontal,weak,1,4,0.8,0,1,2,1,3,1,4,0,5,1
03_WB,28,0,51,21/08/2013,01:37:57 pm,horizontal,weak,1,4,0.8,0,1,1,1,3,1,7,1,8,0
03_WB,28,0,52,21/08/2013,01:38:22 pm,horizontal,weak,3,2,0.4,1,0,4,0,5,1,6,0,7,1
03_WB,28,0,53,21/08/2013,01:38:46 pm,vertical,strong,0,5,1.0,0,1,1,1,2,1,4,1,5,1
03_WB,28,0,54,21/08/2013,01:39:09 pm,vertical,strong,0,5,1.0,0,1,1,1,2,1,3,1,6,1
03_WB,28,0,55,21/08/2013,01:39:33 pm,horizontal,weak,0,5,1.0,0,1,1,1,3,1,4,1,8,1
03_WB,28,0,56,21/08/2013,01:39:56 pm,vertical,strong,2,3,0.6,0,1,2,0,3,1,5,1,8,0
03_WB,28,0,57,21/08/2013,01:40:20 pm,vertical,strong,0,5,1.0,0,1,2,1,4,1,5,1,9,1
03_WB,28,0,58,21/08/2013,01:40:43 pm,horizontal,weak,0,5,1.0,0,1,2,1,3,1,6,1,9,1
03_WB,28,0,59,21/08/2013,01:41:11 pm,horizontal,weak,0,5,1.0,0,1,1,1,2,1,5,1,7,1
04_SP,28,0,0,21/08/2013,02:18:35 pm,horizontal,weak,0,5,1.0,0,1,2,1,5,1,8,1,9,1
04_SP,28,0,1,21/08/2013,02:18:57 pm,vertical,strong,1,4,0.8,0,1,1,1,4,0,8,1,9,1
04_SP,28,0,2,21/08/2013,02:19:19 pm,horizontal,weak,0,5,1.0,0,1,1,1,3,1,5,1,8,1
04_SP,28,0,3,21/08/2013,02:19:41 pm,horizontal,weak,0,5,1.0,0,1,2,1,3,1,5,1,6,1
04_SP,28,0,4,21/08/2013,02:20:02 pm,horizontal,weak,0,5,1.0,0,1,2,1,4,1,6,1,8,1
04_SP,28,0,5,21/08/2013,02:20:28 pm,horizontal,weak,1,4,0.8,1,1,3,1,4,1,7,0,8,1
04_SP,28,0,6,21/08/2013,02:20:49 pm,vertical,strong,0,5,1.0,0,1,1,1,2,1,3,1,6,1
04_SP,28,0,7,21/08/2013,02:21:10 pm,vertical,strong,1,4,0.8,0,1,1,1,2,1,3,1,9,0
04_SP,28,0,8,21/08/2013,02:21:30 pm,vertical,strong,2,3,0.6,0,1,3,1,4,1,5,0,6,0
04_SP,28,0,9,21/08/2013,02:21:51 pm,horizontal,weak,0,5,1.0,0,1,1,1,2,1,4,1,5,1
04_SP,28,0,10,21/08/2013,02:22:11 pm,horizontal,weak,0,5,1.0,0,1,2,1,3,1,5,1,9,1
04_SP,28,0,11,21/08/2013,02:22:32 pm,horizontal,weak,1,4,0.8,0,1,2,1,3,1,7,1,9,0
04_SP,28,0,12,21/08/2013,02:22:52 pm,horizontal,weak,0,5,1.0,0,1,1,1,2,1,3,1,5,1
04_SP,28,0,13,21/08/2013,02:23:15 pm,vertical,strong,0,5,1.0,0,1,2,1,3,1,6,1,8,1
04_SP,28,0,14,21/08/2013,02:23:36 pm,vertical,strong,1,4,0.8,0,1,1,1,2,1,5,1,7,0
04_SP,28,0,15,21/08/2013,02:23:56 pm,vertical,strong,1,4,0.8,0,1,2,1,4,0,5,1,6,1
04_SP,28,0,16,21/08/2013,02:24:16 pm,horizontal,weak,0,5,1.0,0,1,1,1,2,1,3,1,4,1
04_SP,28,0,17,21/08/2013,02:24:38 pm,vertical,strong,1,4,0.8,0,1,1,1,5,0,7,1,8,1
04_SP,28,0,18,21/08/2013,02:24:58 pm,horizontal,weak,0,5,1.0,0,1,1,1,2,1,3,1,5,1
04_SP,28,0,19,21/08/2013,02:25:18 pm,vertical,strong,0,5,1.0,0,1,1,1,2,1,4,1,6,1
04_SP,28,0,20,21/08/2013,02:26:36 pm,vertical,strong,1,4,0.8,0,1,1,1,3,0,4,1,6,1
04_SP,28,0,21,21/08/2013,02:26:56 pm,vertical,strong,0,5,1.0,0,1,1,1,2,1,5,1,6,1
04_SP,28,0,22,21/08/2013,02:27:17 pm,horizontal,weak,0,5,1.0,0,1,1,1,5,1,6,1,8,1
04_SP,28,0,23,21/08/2013,02:27:38 pm,horizontal,weak,0,5,1.0,0,1,1,1,2,1,4,1,5,1
04_SP,28,0,24,21/08/2013,02:27:57 pm,horizontal,weak,0,5,1.0,0,1,1,1,2,1,3,1,6,1
04_SP,28,0,25,21/08/2013,02:28:17 pm,vertical,strong,0,5,1.0,0,1,2,1,3,1,5,1,6,1
04_SP,28,0,26,21/08/2013,02:28:37 pm,vertical,strong,0,5,1.0,0,1,1,1,2,1,3,1,4,1
04_SP,28,0,27,21/08/2013,02:28:56 pm,vertical,strong,1,4,0.8,0,1,1,1,2,1,3,0,4,1
04_SP,28,0,28,21/08/2013,02:29:15 pm,horizontal,weak,0,5,1.0,0,1,1,1,2,1,3,1,8,1
04_SP,28,0,29,21/08/2013,02:29:37 pm,vertical,strong,0,5,1.0,0,1,1,1,2,1,5,1,7,1
04_SP,28,0,30,21/08/2013,02:29:57 pm,vertical,strong,0,5,1.0,0,1,1,1,2,1,6,1,7,1
04_SP,28,0,31,21/08/2013,02:30:17 pm,horizontal,weak,0,5,1.0,0,1,2,1,4,1,6,1,8,1
04_SP,28,0,32,21/08/2013,02:30:37 pm,horizontal,weak,1,4,0.8,0,1,3,1,5,1,7,1,8,0
04_SP,28,0,33,21/08/2013,02:30:57 pm,horizontal,weak,0,5,1.0,0,1,1,1,4,1,5,1,6,1
04_SP,28,0,34,21/08/2013,02:31:19 pm,horizontal,weak,1,4,0.8,1,1,2,0,3,1,5,1,6,1
04_SP,28,0,35,21/08/2013,02:31:39 pm,vertical,strong,1,4,0.8,0,1,1,1,3,1,4,1,9,0
04_SP,28,0,36,21/08/2013,02:32:01 pm,vertical,strong,2,3,0.6,1,1,2,0,4,1,5,1,9,0
04_SP,28,0,37,21/08/2013,02:32:20 pm,vertical,strong,0,5,1.0,0,1,2,1,3,1,4,1,7,1
04_SP,28,0,38,21/08/2013,02:32:40 pm,horizontal,weak,1,4,0.8,0,1,2,1,3,1,5,0,9,1
04_SP,28,0,39,21/08/2013,02:33:00 pm,horizontal,weak,0,5,1.0,0,1,1,1,2,1,3,1,6,1
04_SP,28,0,40,21/08/2013,02:33:19 pm,vertical,strong,1,4,0.8,1,1,3,1,6,1,7,0,8,1
04_SP,28,0,41,21/08/2013,02:35:50 pm,horizontal,weak,0,5,1.0,0,1,1,1,2,1,3,1,4,1
04_SP,28,0,42,21/08/2013,02:36:10 pm,vertical,strong,0,5,1.0,0,1,1,1,3,1,4,1,7,1
04_SP,28,0,43,21/08/2013,02:36:34 pm,vertical,strong,1,4,0.8,0,1,1,1,2,1,5,1,6,0
04_SP,28,0,44,21/08/2013,02:36:53 pm,horizontal,weak,2,3,0.6,1,1,3,1,4,1,5,0,9,0
04_SP,28,0,45,21/08/2013,02:37:13 pm,horizontal,weak,0,5,1.0,0,1,1,1,2,1,6,1,8,1
04_SP,28,0,46,21/08/2013,02:37:32 pm,vertical,strong,0,5,1.0,0,1,1,1,2,1,4,1,8,1
04_SP,28,0,47,21/08/2013,02:37:54 pm,vertical,strong,0,5,1.0,0,1,2,1,3,1,4,1,7,1
04_SP,28,0,48,21/08/2013,02:38:13 pm,vertical,strong,0,5,1.0,0,1,1,1,2,1,5,1,7,1
04_SP,28,0,49,21/08/2013,02:38:33 pm,horizontal,weak,0,5,1.0,0,1,1,1,3,1,4,1,5,1
04_SP,28,0,50,21/08/2013,02:38:52 pm,vertical,strong,0,5,1.0,0,1,1,1,2,1,6,1,9,1
04_SP,28,0,51,21/08/2013,02:39:12 pm,horizontal,weak,0,5,1.0,0,1,1,1,2,1,4,1,5,1
04_SP,28,0,52,21/08/2013,02:39:31 pm,vertical,strong,0,5,1.0,0,1,1,1,2,1,4,1,7,1
04_SP,28,0,53,21/08/2013,02:39:53 pm,horizontal,weak,1,4,0.8,0,1,1,1,4,0,5,1,8,1
04_SP,28,0,54,21/08/2013,02:40:13 pm,horizontal,weak,0,5,1.0,0,1,1,1,3,1,6,1,9,1
04_SP,28,0,55,21/08/2013,02:40:32 pm,vertical,strong,2,3,0.6,1,1,5,1,6,1,8,0,9,0
04_SP,28,0,56,21/08/2013,02:40:51 pm,horizontal,weak,0,5,1.0,0,1,2,1,3,1,4,1,5,1
04_SP,28,0,57,21/08/2013,02:41:11 pm,horizontal,weak,0,5,1.0,0,1,1,1,2,1,3,1,9,1
04_SP,28,0,58,21/08/2013,02:41:30 pm,vertical,strong,1,4,0.8,0,1,1,1,3,1,5,1,8,0
04_SP,28,0,59,21/08/2013,02:41:49 pm,vertical,strong,0,5,1.0,0,1,1,1,3,1,4,1,9,1
05_AJ,24,1,0,21/08/2013,03:11:05 pm,horizontal,weak,1,4,0.8,0,1,2,1,3,1,7,0,9,1
05_AJ,24,1,1,21/08/2013,03:11:27 pm,vertical,strong,1,4,0.8,0,1,1,1,2,1,3,1,5,0
05_AJ,24,1,2,21/08/2013,03:11:49 pm,vertical,strong,2,3,0.6,1,1,2,1,3,1,4,0,8,0
05_AJ,24,1,3,21/08/2013,03:12:13 pm,vertical,strong,2,3,0.6,0,1,2,1,6,0,7,0,9,1
05_AJ,24,1,4,21/08/2013,03:12:38 pm,vertical,strong,1,4,0.8,0,1,1,1,2,1,6,0,9,1
05_AJ,24,1,5,21/08/2013,03:12:58 pm,horizontal,weak,1,4,0.8,0,1,2,1,3,0,5,1,6,1
05_AJ,24,1,6,21/08/2013,03:13:20 pm,vertical,strong,1,4,0.8,0,1,2,1,4,1,5,0,7,1
05_AJ,24,1,7,21/08/2013,03:13:41 pm,horizontal,weak,3,2,0.4,0,1,4,0,6,0,7,0,8,1
05_AJ,24,1,8,21/08/2013,03:14:01 pm,vertical,strong,1,4,0.8,0,1,3,1,5,0,6,1,8,1
05_AJ,24,1,9,21/08/2013,03:14:23 pm,vertical,strong,2,3,0.6,0,1,1,0,6,1,7,1,9,0
05_AJ,24,1,10,21/08/2013,03:14:44 pm,horizontal,weak,2,3,0.6,1,1,3,1,4,1,5,0,7,0
05_AJ,24,1,11,21/08/2013,03:15:06 pm,horizontal,weak,3,2,0.4,2,1,4,1,6,0,7,0,9,0
05_AJ,24,1,12,21/08/2013,03:15:26 pm,vertical,strong,0,5,1.0,0,1,1,1,2,1,5,1,6,1
05_AJ,24,1,13,21/08/2013,03:15:46 pm,horizontal,weak,3,2,0.4,3,0,4,0,5,1,6,1,8,0
05_AJ,24,1,14,21/08/2013,03:16:07 pm,horizontal,weak,0,5,1.0,0,1,1,1,4,1,5,1,7,1
05_AJ,24,1,15,21/08/2013,03:16:35 pm,vertical,strong,2,3,0.6,2,0,4,0,5,1,6,1,8,1
05_AJ,24,1,16,21/08/2013,03:16:55 pm,vertical,strong,1,4,0.8,0,1,4,1,7,1,8,0,9,1
05_AJ,24,1,17,21/08/2013,03:17:17 pm,vertical,strong,3,2,0.4,2,1,3,0,4,0,6,1,9,0
05_AJ,24,1,18,21/08/2013,03:17:39 pm,vertical,strong,2,3,0.6,0,1,1,1,2,1,3,0,8,0
05_AJ,24,1,19,21/08/2013,03:17:59 pm,vertical,strong,1,4,0.8,0,1,1,1,2,1,3,0,4,1
05_AJ,24,1,20,21/08/2013,03:18:22 pm,horizontal,weak,3,2,0.4,1,1,3,0,4,0,5,1,9,0
05_AJ,24,1,21,21/08/2013,03:18:42 pm,horizontal,weak,0,5,1.0,0,1,1,1,2,1,4,1,8,1
05_AJ,24,1,22,21/08/2013,03:19:03 pm,horizontal,weak,2,3,0.6,1,1,2,1,4,0,6,0,9,1
05_AJ,24,1,23,21/08/2013,03:19:25 pm,vertical,strong,1,4,0.8,0,1,1,1,3,1,8,0,9,1
05_AJ,24,1,24,21/08/2013,03:19:46 pm,horizontal,weak,0,5,1.0,0,1,2,1,3,1,4,1,5,1
05_AJ,24,1,25,21/08/2013,03:20:08 pm,vertical,strong,2,3,0.6,1,1,2,0,4,1,5,0,8,1
05_AJ,24,1,26,21/08/2013,03:20:30 pm,horizontal,weak,3,2,0.4,0,1,2,1,4,0,5,0,6,0
05_AJ,24,1,27,21/08/2013,03:20:50 pm,horizontal,weak,2,3,0.6,1,1,2,1,7,1,8,0,9,0
05_AJ,24,1,28,21/08/2013,03:21:10 pm,vertical,strong,0,5,1.0,0,1,1,1,2,1,3,1,4,1
05_AJ,24,1,29,21/08/2013,03:21:51 pm,horizontal,weak,2,3,0.6,0,1,1,1,2,1,3,0,6,0
05_AJ,24,1,30,21/08/2013,03:22:15 pm,horizontal,weak,2,3,0.6,0,1,3,1,6,0,8,0,9,1
05_AJ,24,1,31,21/08/2013,03:22:36 pm,horizontal,weak,0,5,1.0,0,1,1,1,2,1,4,1,5,1
05_AJ,24,1,32,21/08/2013,03:22:56 pm,horizontal,weak,2,3,0.6,0,1,2,1,3,1,4,0,7,0
05_AJ,24,1,33,21/08/2013,03:23:17 pm,vertical,strong,1,4,0.8,0,1,2,1,3,1,5,0,9,1
05_AJ,24,1,34,21/08/2013,03:23:38 pm,vertical,strong,1,4,0.8,0,1,1,1,2,0,7,1,9,1
05_AJ,24,1,35,21/08/2013,03:23:59 pm,vertical,strong,2,3,0.6,2,1,3,1,4,1,5,0,6,0
05_AJ,24,1,36,21/08/2013,03:24:20 pm,vertical,strong,3,2,0.4,3,1,4,0,5,0,6,1,7,0
05_AJ,24,1,37,21/08/2013,03:24:42 pm,horizontal,weak,2,3,0.6,0,1,2,0,4,0,5,1,9,1
05_AJ,24,1,38,21/08/2013,03:25:02 pm,vertical,strong,2,3,0.6,0,1,2,0,3,1,6,1,7,0
05_AJ,24,1,39,21/08/2013,03:25:23 pm,horizontal,weak,3,2,0.4,1,1,2,1,7,0,8,0,9,0
05_AJ,24,1,40,21/08/2013,03:25:45 pm,horizontal,weak,2,3,0.6,3,1,4,1,5,0,7,0,9,1
05_AJ,24,1,41,21/08/2013,03:26:10 pm,horizontal,weak,2,3,0.6,1,1,2,0,3,1,4,1,9,0
05_AJ,24,1,42,21/08/2013,03:26:33 pm,horizontal,weak,1,4,0.8,0,1,1,1,3,1,8,0,9,1
05_AJ,24,1,43,21/08/2013,03:26:53 pm,vertical,strong,3,2,0.4,1,1,3,0,5,1,6,0,7,0
05_AJ,24,1,44,21/08/2013,03:27:14 pm,horizontal,weak,0,5,1.0,0,1,1,1,2,1,4,1,7,1
05_AJ,24,1,45,21/08/2013,03:27:35 pm,vertical,strong,2,3,0.6,0,1,2,1,4,1,6,0,8,0
05_AJ,24,1,46,21/08/2013,03:27:55 pm,horizontal,weak,2,3,0.6,2,1,3,1,4,0,7,1,8,0
05_AJ,24,1,47,21/08/2013,03:28:16 pm,horizontal,weak,1,4,0.8,1,1,2,1,4,1,5,1,6,0
05_AJ,24,1,48,21/08/2013,03:28:39 pm,vertical,strong,2,3,0.6,2,1,3,0,4,1,6,1,9,0
05_AJ,24,1,49,21/08/2013,03:29:00 pm,horizontal,weak,2,3,0.6,0,1,3,1,5,1,6,0,9,0
05_AJ,24,1,50,21/08/2013,03:29:20 pm,vertical,strong,1,4,0.8,0,1,3,1,5,1,7,1,9,0
05_AJ,24,1,51,21/08/2013,03:29:42 pm,horizontal,weak,2,3,0.6,1,0,3,1,4,1,5,0,7,1
05_AJ,24,1,52,21/08/2013,03:30:05 pm,vertical,strong,2,3,0.6,0,1,2,1,4,0,8,1,9,0
05_AJ,24,1,53,21/08/2013,03:30:25 pm,vertical,strong,1,4,0.8,0,1,1,1,5,1,6,0,7,1
05_AJ,24,1,54,21/08/2013,03:30:46 pm,vertical,strong,2,3,0.6,0,1,1,1,2,0,3,1,8,0
05_AJ,24,1,55,21/08/2013,03:31:07 pm,vertical,strong,2,3,0.6,0,1,2,1,4,0,8,1,9,0
05_AJ,24,1,56,21/08/2013,03:31:30 pm,vertical,strong,1,4,0.8,0,1,1,1,2,1,4,1,7,0
05_AJ,24,1,57,21/08/2013,03:31:51 pm,horizontal,weak,4,1,0.2,1,1,5,0,6,0,8,0,9,0
05_AJ,24,1,58,21/08/2013,03:32:12 pm,horizontal,weak,2,3,0.6,0,1,3,1,4,0,5,1,6,0
05_AJ,24,1,59,21/08/2013,03:32:33 pm,horizontal,weak,2,3,0.6,2,1,3,1,4,0,7,1,9,0
06_OS,18,1,0,21/08/2013,06:16:55 pm,horizontal,weak,1,4,0.8,0,1,3,1,5,0,7,1,8,1
06_OS,18,1,1,21/08/2013,06:17:17 pm,vertical,strong,1,4,0.8,0,1,1,1,3,1,5,0,8,1
06_OS,18,1,2,21/08/2013,06:17:39 pm,horizontal,weak,2,3,0.6,1,1,2,1,3,0,4,1,9,0
06_OS,18,1,3,21/08/2013,06:18:01 pm,vertical,strong,0,5,1.0,0,1,1,1,2,1,3,1,7,1
06_OS,18,1,4,21/08/2013,06:18:24 pm,horizontal,weak,0,5,1.0,0,1,2,1,5,1,8,1,9,1
06_OS,18,1,5,21/08/2013,06:18:46 pm,horizontal,weak,0,5,1.0,0,1,1,1,2,1,4,1,5,1
06_OS,18,1,6,21/08/2013,06:19:08 pm,horizontal,weak,1,4,0.8,0,1,2,1,4,0,6,1,8,1
06_OS,18,1,7,21/08/2013,06:19:30 pm,horizontal,weak,0,5,1.0,0,1,1,1,2,1,3,1,7,1
06_OS,18,1,8,21/08/2013,06:19:53 pm,horizontal,weak,1,4,0.8,0,1,2,1,3,1,6,0,7,1
06_OS,18,1,9,21/08/2013,06:20:15 pm,horizontal,weak,1,4,0.8,0,1,2,1,4,1,6,0,7,1
06_OS,18,1,10,21/08/2013,06:20:39 pm,horizontal,weak,1,4,0.8,0,1,1,1,2,1,3,1,4,0
06_OS,18,1,11,21/08/2013,06:21:02 pm,vertical,strong,0,5,1.0,0,1,1,1,2,1,3,1,4,1
06_OS,18,1,12,21/08/2013,06:21:24 pm,horizontal,weak,0,5,1.0,0,1,1,1,3,1,4,1,5,1
06_OS,18,1,13,21/08/2013,06:21:45 pm,vertical,strong,1,4,0.8,0,1,2,1,3,0,4,1,9,1
06_OS,18,1,14,21/08/2013,06:22:07 pm,horizontal,weak,0,5,1.0,0,1,1,1,2,1,6,1,9,1
06_OS,18,1,15,21/08/2013,06:22:29 pm,vertical,strong,1,4,0.8,0,1,1,1,2,1,4,1,7,0
06_OS,18,1,16,21/08/2013,06:22:50 pm,horizontal,weak,1,4,0.8,1,1,2,0,3,1,5,1,7,1
06_OS,18,1,17,21/08/2013,06:23:13 pm,horizontal,weak,1,4,0.8,0,1,2,0,3,1,5,1,8,1
06_OS,18,1,18,21/08/2013,06:23:36 pm,vertical,strong,0,5,1.0,0,1,1,1,2,1,3,1,4,1
06_OS,18,1,19,21/08/2013,06:23:57 pm,horizontal,weak,0,5,1.0,0,1,2,1,3,1,4,1,5,1
06_OS,18,1,20,21/08/2013,06:31:17 pm,vertical,strong,1,4,0.8,0,1,1,1,3,0,4,1,6,1
06_OS,18,1,21,21/08/2013,06:31:40 pm,vertical,strong,0,5,1.0,0,1,1,1,2,1,5,1,7,1
06_OS,18,1,22,21/08/2013,06:32:02 pm,vertical,strong,2,3,0.6,0,1,2,0,3,1,4,1,6,0
06_OS,18,1,23,21/08/2013,06:32:25 pm,horizontal,weak,0,5,1.0,0,1,1,1,2,1,3,1,6,1
06_OS,18,1,24,21/08/2013,06:32:46 pm,vertical,strong,1,4,0.8,0,1,2,1,3,0,5,1,7,1
06_OS,18,1,25,21/08/2013,06:33:09 pm,vertical,strong,1,4,0.8,1,1,2,1,3,1,5,1,9,0
06_OS,18,1,26,21/08/2013,06:33:30 pm,vertical,strong,1,4,0.8,0,1,1,1,4,1,6,1,9,0
06_OS,18,1,27,21/08/2013,06:33:55 pm,vertical,strong,0,5,1.0,0,1,2,1,3,1,4,1,5,1
06_OS,18,1,28,21/08/2013,06:34:17 pm,horizontal,weak,0,5,1.0,0,1,1,1,2,1,6,1,8,1
06_OS,18,1,29,21/08/2013,06:34:39 pm,vertical,strong,0,5,1.0,0,1,2,1,4,1,5,1,6,1
06_OS,18,1,30,21/08/2013,06:35:02 pm,vertical,strong,2,3,0.6,1,1,3,1,5,1,7,0,8,0
06_OS,18,1,31,21/08/2013,06:35:24 pm,vertical,strong,0,5,1.0,0,1,1,1,2,1,5,1,6,1
06_OS,18,1,32,21/08/2013,06:35:47 pm,horizontal,weak,0,5,1.0,0,1,1,1,2,1,3,1,6,1
06_OS,18,1,33,21/08/2013,06:36:09 pm,vertical,strong,1,4,0.8,0,1,1,1,3,1,6,0,8,1
06_OS,18,1,34,21/08/2013,06:36:31 pm,horizontal,weak,1,4,0.8,0,1,3,1,4,1,5,0,8,1
06_OS,18,1,35,21/08/2013,06:36:52 pm,horizontal,weak,0,5,1.0,0,1,1,1,3,1,5,1,6,1
06_OS,18,1,36,21/08/2013,06:37:13 pm,horizontal,weak,0,5,1.0,0,1,1,1,2,1,5,1,7,1
06_OS,18,1,37,21/08/2013,06:37:35 pm,vertical,strong,0,5,1.0,0,1,1,1,3,1,5,1,8,1
06_OS,18,1,38,21/08/2013,06:37:56 pm,vertical,strong,1,4,0.8,0,1,2,1,3,1,5,0,7,1
06_OS,18,1,39,21/08/2013,06:38:24 pm,horizontal,weak,2,3,0.6,1,1,2,1,6,0,7,0,8,1
06_OS,18,1,40,21/08/2013,06:38:46 pm,vertical,strong,3,2,0.4,0,1,4,0,5,0,8,0,9,1
06_OS,18,1,41,21/08/2013,06:43:00 pm,vertical,strong,1,4,0.8,0,1,1,1,2,1,4,0,9,1
06_OS,18,1,42,21/08/2013,06:43:22 pm,horizontal,weak,1,4,0.8,0,1,3,1,5,1,6,0,8,1
06_OS,18,1,43,21/08/2013,06:43:44 pm,vertical,strong,0,5,1.0,0,1,1,1,3,1,4,1,9,1
06_OS,18,1,44,21/08/2013,06:44:07 pm,horizontal,weak,1,4,0.8,1,1,2,1,3,0,4,1,9,1
06_OS,18,1,45,21/08/2013,06:44:29 pm,vertical,strong,2,3,0.6,1,1,3,0,5,1,6,0,8,1
06_OS,18,1,46,21/08/2013,06:44:52 pm,horizontal,weak,1,4,0.8,1,1,3,1,5,1,7,1,9,0
06_OS,18,1,47,21/08/2013,06:45:14 pm,vertical,strong,1,4,0.8,0,1,2,1,3,0,4,1,5,1
06_OS,18,1,48,21/08/2013,06:45:35 pm,vertical,strong,1,4,0.8,0,1,1,1,3,1,7,1,9,0
06_OS,18,1,49,21/08/2013,06:45:57 pm,vertical,strong,0,5,1.0,0,1,3,1,4,1,5,1,7,1
06_OS,18,1,50,21/08/2013,06:46:19 pm,vertical,strong,0,5,1.0,0,1,1,1,2,1,3,1,5,1
06_OS,18,1,51,21/08/2013,06:46:40 pm,horizontal,weak,0,5,1.0,0,1,1,1,3,1,4,1,6,1
06_OS,18,1,52,21/08/2013,06:47:00 pm,vertical,strong,1,4,0.8,0,1,1,1,3,1,6,0,8,1
06_OS,18,1,53,21/08/2013,06:47:20 pm,horizontal,weak,0,5,1.0,0,1,1,1,2,1,3,1,4,1
06_OS,18,1,54,21/08/2013,06:47:40 pm,horizontal,weak,0,5,1.0,0,1,1,1,2,1,3,1,6,1
06_OS,18,1,55,21/08/2013,06:48:01 pm,horizontal,weak,1,4,0.8,0,1,3,0,4,1,5,1,7,1
06_OS,18,1,56,21/08/2013,06:48:22 pm,vertical,strong,0,5,1.0,0,1,2,1,3,1,4,1,6,1
06_OS,18,1,57,21/08/2013,06:48:41 pm,horizontal,weak,1,4,0.8,0,1,1,1,2,1,3,1,6,0
06_OS,18,1,58,21/08/2013,06:49:01 pm,vertical,strong,1,4,0.8,0,1,2,1,4,1,6,1,8,0
06_OS,18,1,59,21/08/2013,06:49:21 pm,horizontal,weak,1,4,0.8,0,1,1,1,2,1,5,0,8,1
07_SG,21,1,0,22/08/2013,12:11:05 pm,vertical,strong,1,4,0.8,0,1,1,1,4,1,6,1,7,0
07_SG,21,1,1,22/08/2013,12:11:29 pm,vertical,strong,0,5,1.0,0,1,2,1,3,1,5,1,8,1
07_SG,21,1,2,22/08/2013,12:11:53 pm,vertical,strong,1,4,0.8,0,1,2,0,3,1,4,1,9,1
07_SG,21,1,3,22/08/2013,12:12:16 pm,horizontal,weak,1,4,0.8,1,1,3,1,4,1,7,1,8,0
07_SG,21,1,4,22/08/2013,12:12:38 pm,vertical,strong,2,3,0.6,0,1,1,1,4,0,7,0,8,1
07_SG,21,1,5,22/08/2013,12:13:01 pm,vertical,strong,3,2,0.4,1,1,4,0,5,0,6,1,8,0
07_SG,21,1,6,22/08/2013,12:13:24 pm,horizontal,weak,0,5,1.0,0,1,1,1,2,1,3,1,4,1
07_SG,21,1,7,22/08/2013,12:13:46 pm,horizontal,weak,0,5,1.0,0,1,1,1,2,1,6,1,9,1
07_SG,21,1,8,22/08/2013,12:14:11 pm,vertical,strong,1,4,0.8,0,1,1,1,2,1,3,0,8,1
07_SG,21,1,9,22/08/2013,12:14:34 pm,horizontal,weak,0,5,1.0,0,1,1,1,2,1,4,1,5,1
07_SG,21,1,10,22/08/2013,12:14:56 pm,horizontal,weak,2,3,0.6,0,1,3,1,6,0,7,0,9,1
07_SG,21,1,11,22/08/2013,12:15:18 pm,horizontal,weak,1,4,0.8,0,1,2,1,3,0,4,1,6,1
07_SG,21,1,12,22/08/2013,12:15:41 pm,vertical,strong,2,3,0.6,0,1,2,0,4,1,6,1,9,0
07_SG,21,1,13,22/08/2013,12:16:03 pm,vertical,strong,0,5,1.0,0,1,1,1,2,1,3,1,9,1
07_SG,21,1,14,22/08/2013,12:16:26 pm,vertical,strong,3,2,0.4,0,1,2,0,3,1,6,0,7,0
07_SG,21,1,15,22/08/2013,12:16:49 pm,vertical,strong,1,4,0.8,0,1,1,1,2,1,4,1,6,0
07_SG,21,1,16,22/08/2013,12:17:10 pm,horizontal,weak,1,4,0.8,0,1,3,0,4,1,5,1,9,1
07_SG,21,1,17,22/08/2013,12:17:34 pm,horizontal,weak,0,5,1.0,0,1,1,1,2,1,5,1,6,1
07_SG,21,1,18,22/08/2013,12:17:56 pm,vertical,strong,0,5,1.0,0,1,1,1,3,1,4,1,6,1
07_SG,21,1,19,22/08/2013,12:18:49 pm,horizontal,weak,0,5,1.0,0,1,1,1,2,1,4,1,5,1
07_SG,21,1,20,22/08/2013,12:19:12 pm,vertical,strong,0,5,1.0,0,1,1,1,4,1,5,1,6,1
07_SG,21,1,21,22/08/2013,12:19:35 pm,vertical,strong,0,5,1.0,0,1,1,1,2,1,5,1,7,1
07_SG,21,1,22,22/08/2013,12:19:58 pm,horizontal,weak,1,4,0.8,0,1,1,1,4,1,5,0,9,1
07_SG,21,1,23,22/08/2013,12:20:20 pm,horizontal,weak,0,5,1.0,0,1,1,1,2,1,6,1,8,1
07_SG,21,1,24,22/08/2013,12:20:44 pm,horizontal,weak,0,5,1.0,0,1,1,1,2,1,4,1,7,1
07_SG,21,1,25,22/08/2013,12:21:06 pm,vertical,strong,0,5,1.0,0,1,1,1,2,1,4,1,6,1
07_SG,21,1,26,22/08/2013,12:21:28 pm,horizontal,weak,0,5,1.0,0,1,1,1,2,1,4,1,5,1
07_SG,21,1,27,22/08/2013,12:21:50 pm,vertical,strong,0,5,1.0,0,1,1,1,2,1,3,1,9,1
07_SG,21,1,28,22/08/2013,12:22:16 pm,vertical,strong,0,5,1.0,0,1,1,1,2,1,5,1,6,1
07_SG,21,1,29,22/08/2013,12:22:38 pm,horizontal,weak,1,4,0.8,1,1,3,1,4,1,6,0,9,1
07_SG,21,1,30,22/08/2013,12:22:59 pm,horizontal,weak,0,5,1.0,0,1,1,1,2,1,3,1,4,1
07_SG,21,1,31,22/08/2013,12:23:20 pm,vertical,strong,0,5,1.0,0,1,1,1,3,1,4,1,5,1
07_SG,21,1,32,22/08/2013,12:23:43 pm,horizontal,weak,1,4,0.8,0,1,1,1,3,0,6,1,7,1
07_SG,21,1,33,22/08/2013,12:24:05 pm,horizontal,weak,0,5,1.0,0,1,2,1,4,1,5,1,8,1
07_SG,21,1,34,22/08/2013,12:24:27 pm,horizontal,weak,1,4,0.8,0,1,2,1,3,0,5,1,6,1
07_SG,21,1,35,22/08/2013,12:24:49 pm,horizontal,weak,1,4,0.8,0,1,1,1,4,1,5,1,6,0
07_SG,21,1,36,22/08/2013,12:25:11 pm,horizontal,weak,1,4,0.8,0,1,1,1,2,1,5,0,9,1
07_SG,21,1,37,22/08/2013,12:25:33 pm,horizontal,weak,1,4,0.8,0,1,2,1,3,1,4,1,6,0
07_SG,21,1,38,22/08/2013,12:25:54 pm,vertical,strong,2,3,0.6,1,1,2,1,3,0,6,0,9,1
07_SG,21,1,39,22/08/2013,12:26:44 pm,horizontal,weak,0,5,1.0,0,1,1,1,3,1,4,1,9,1
07_SG,21,1,40,22/08/2013,12:27:06 pm,vertical,strong,0,5,1.0,0,1,1,1,2,1,4,1,5,1
07_SG,21,1,41,22/08/2013,12:27:28 pm,horizontal,weak,0,5,1.0,0,1,2,1,3,1,4,1,5,1
07_SG,21,1,42,22/08/2013,12:27:50 pm,horizontal,weak,0,5,1.0,0,1,1,1,4,1,5,1,6,1
07_SG,21,1,43,22/08/2013,12:28:12 pm,vertical,strong,0,5,1.0,0,1,1,1,4,1,5,1,9,1
07_SG,21,1,44,22/08/2013,12:28:34 pm,vertical,strong,0,5,1.0,0,1,1,1,2,1,3,1,5,1
07_SG,21,1,45,22/08/2013,12:28:56 pm,vertical,strong,0,5,1.0,0,1,1,1,3,1,5,1,6,1
07_SG,21,1,46,22/08/2013,12:29:18 pm,horizontal,weak,0,5,1.0,0,1,1,1,3,1,4,1,5,1
07_SG,21,1,47,22/08/2013,12:29:40 pm,horizontal,weak,0,5,1.0,0,1,1,1,4,1,6,1,7,1
07_SG,21,1,48,22/08/2013,12:30:01 pm,vertical,strong,0,5,1.0,0,1,1,1,3,1,6,1,7,1
07_SG,21,1,49,22/08/2013,12:30:22 pm,horizontal,weak,0,5,1.0,0,1,1,1,3,1,4,1,6,1
07_SG,21,1,50,22/08/2013,12:30:44 pm,horizontal,weak,0,5,1.0,0,1,1,1,3,1,4,1,5,1
07_SG,21,1,51,22/08/2013,12:31:06 pm,horizontal,weak,1,4,0.8,0,1,2,1,3,0,5,1,8,1
07_SG,21,1,52,22/08/2013,12:31:27 pm,vertical,strong,1,4,0.8,0,1,2,1,7,1,8,0,9,1
07_SG,21,1,53,22/08/2013,12:31:47 pm,vertical,strong,0,5,1.0,0,1,1,1,2,1,3,1,4,1
07_SG,21,1,54,22/08/2013,12:32:08 pm,horizontal,weak,1,4,0.8,1,0,2,1,5,1,8,1,9,1
07_SG,21,1,55,22/08/2013,12:32:29 pm,vertical,strong,0,5,1.0,0,1,2,1,3,1,4,1,9,1
07_SG,21,1,56,22/08/2013,12:32:50 pm,vertical,strong,2,3,0.6,0,1,2,0,4,1,7,0,9,1
07_SG,21,1,57,22/08/2013,12:33:12 pm,vertical,strong,0,5,1.0,0,1,1,1,2,1,7,1,9,1
07_SG,21,1,58,22/08/2013,12:33:33 pm,vertical,strong,0,5,1.0,0,1,1,1,3,1,4,1,7,1
07_SG,21,1,59,22/08/2013,12:33:55 pm,vertical,strong,1,4,0.8,0,1,1,1,3,1,7,0,8,1
08_AM,19,1,0,22/08/2013,04:20:17 pm,horizontal,weak,0,5,1.0,0,1,1,1,2,1,3,1,5,1
08_AM,19,1,1,22/08/2013,04:20:42 pm,horizontal,weak,0,5,1.0,0,1,1,1,3,1,4,1,7,1
08_AM,19,1,2,22/08/2013,04:21:06 pm,horizontal,weak,1,4,0.8,0,1,1,1,3,1,4,1,8,0
08_AM,19,1,3,22/08/2013,04:21:29 pm,horizontal,weak,0,5,1.0,0,1,1,1,2,1,6,1,9,1
08_AM,19,1,4,22/08/2013,04:21:53 pm,vertical,strong,1,4,0.8,2,1,6,0,7,1,8,1,9,1
08_AM,19,1,5,22/08/2013,04:22:16 pm,horizontal,weak,0,5,1.0,0,1,1,1,2,1,6,1,7,1
08_AM,19,1,6,22/08/2013,04:22:43 pm,horizontal,weak,0,5,1.0,0,1,1,1,2,1,4,1,5,1
08_AM,19,1,7,22/08/2013,04:23:13 pm,vertical,strong,0,5,1.0,0,1,1,1,2,1,3,1,9,1
08_AM,19,1,8,22/08/2013,04:23:37 pm,horizontal,weak,1,4,0.8,2,1,3,1,5,1,6,0,8,1
08_AM,19,1,9,22/08/2013,04:24:01 pm,horizontal,weak,0,5,1.0,0,1,1,1,4,1,5,1,9,1
08_AM,19,1,10,22/08/2013,04:24:27 pm,horizontal,weak,0,5,1.0,0,1,2,1,3,1,4,1,8,1
08_AM,19,1,11,22/08/2013,04:24:51 pm,vertical,strong,2,3,0.6,2,1,3,1,4,0,6,1,8,0
08_AM,19,1,12,22/08/2013,04:25:15 pm,vertical,strong,2,3,0.6,2,0,3,1,4,1,5,0,7,1
08_AM,19,1,13,22/08/2013,04:25:39 pm,vertical,strong,0,5,1.0,0,1,1,1,2,1,3,1,7,1
08_AM,19,1,14,22/08/2013,04:26:05 pm,vertical,strong,0,5,1.0,0,1,1,1,2,1,3,1,9,1
08_AM,19,1,15,22/08/2013,04:26:28 pm,vertical,strong,0,5,1.0,0,1,1,1,6,1,7,1,9,1
08_AM,19,1,16,22/08/2013,04:26:51 pm,horizontal,weak,0,5,1.0,0,1,1,1,2,1,5,1,9,1
08_AM,19,1,17,22/08/2013,04:27:14 pm,vertical,strong,0,5,1.0,0,1,1,1,2,1,5,1,7,1
08_AM,19,1,18,22/08/2013,04:27:37 pm,horizontal,weak,0,5,1.0,0,1,2,1,3,1,6,1,8,1
08_AM,19,1,19,22/08/2013,04:30:39 pm,horizontal,weak,0,5,1.0,0,1,2,1,3,1,4,1,8,1
08_AM,19,1,20,22/08/2013,04:31:04 pm,vertical,strong,1,4,0.8,0,1,1,1,2,1,6,0,8,1
08_AM,19,1,21,22/08/2013,04:31:27 pm,vertical,strong,0,5,1.0,0,1,1,1,2,1,3,1,8,1
08_AM,19,1,22,22/08/2013,04:31:51 pm,vertical,strong,0,5,1.0,0,1,2,1,3,1,4,1,9,1
08_AM,19,1,23,22/08/2013,04:32:15 pm,horizontal,weak,1,4,0.8,0,1,1,1,2,1,3,0,7,1
08_AM,19,1,24,22/08/2013,04:32:38 pm,vertical,strong,0,5,1.0,0,1,1,1,3,1,6,1,8,1
08_AM,19,1,25,22/08/2013,04:33:00 pm,vertical,strong,0,5,1.0,0,1,1,1,4,1,7,1,8,1
08_AM,19,1,26,22/08/2013,04:33:27 pm,horizontal,weak,0,5,1.0,0,1,1,1,3,1,6,1,9,1
08_AM,19,1,27,22/08/2013,04:33:49 pm,horizontal,weak,0,5,1.0,0,1,1,1,2,1,3,1,8,1
08_AM,19,1,28,22/08/2013,04:34:14 pm,vertical,strong,0,5,1.0,0,1,1,1,3,1,4,1,5,1
08_AM,19,1,29,22/08/2013,04:34:37 pm,vertical,strong,0,5,1.0,0,1,1,1,3,1,4,1,9,1
08_AM,19,1,30,22/08/2013,04:35:01 pm,vertical,strong,0,5,1.0,0,1,1,1,2,1,3,1,6,1
08_AM,19,1,31,22/08/2013,04:35:23 pm,horizontal,weak,0,5,1.0,0,1,1,1,3,1,4,1,6,1
08_AM,19,1,32,22/08/2013,04:35:47 pm,vertical,strong,0,5,1.0,0,1,1,1,2,1,3,1,4,1
08_AM,19,1,33,22/08/2013,04:36:11 pm,vertical,strong,0,5,1.0,0,1,1,1,2,1,3,1,4,1
08_AM,19,1,34,22/08/2013,04:36:35 pm,vertical,strong,0,5,1.0,0,1,3,1,5,1,6,1,9,1
08_AM,19,1,35,22/08/2013,04:36:57 pm,vertical,strong,0,5,1.0,0,1,1,1,2,1,3,1,9,1
08_AM,19,1,36,22/08/2013,04:37:20 pm,vertical,strong,1,4,0.8,0,1,1,1,4,1,5,1,9,0
08_AM,19,1,37,22/08/2013,04:37:43 pm,horizontal,weak,0,5,1.0,0,1,1,1,2,1,4,1,5,1
08_AM,19,1,38,22/08/2013,04:38:07 pm,vertical,strong,0,5,1.0,0,1,1,1,2,1,4,1,8,1
08_AM,19,1,39,22/08/2013,04:38:30 pm,vertical,strong,1,4,0.8,0,1,2,1,4,0,5,1,9,1
08_AM,19,1,40,22/08/2013,04:38:54 pm,vertical,strong,0,5,1.0,0,1,1,1,3,1,4,1,9,1
08_AM,19,1,41,22/08/2013,04:39:18 pm,vertical,strong,0,5,1.0,0,1,2,1,3,1,7,1,8,1
08_AM,19,1,42,22/08/2013,04:39:46 pm,vertical,strong,1,4,0.8,1,1,3,1,4,1,6,1,8,0
08_AM,19,1,43,22/08/2013,04:40:09 pm,horizontal,weak,0,5,1.0,0,1,1,1,2,1,3,1,8,1
08_AM,19,1,44,22/08/2013,04:40:31 pm,vertical,strong,0,5,1.0,0,1,1,1,2,1,4,1,5,1
08_AM,19,1,45,22/08/2013,04:40:54 pm,horizontal,weak,0,5,1.0,0,1,1,1,5,1,6,1,7,1
08_AM,19,1,46,22/08/2013,04:41:17 pm,horizontal,weak,0,5,1.0,0,1,1,1,2,1,4,1,7,1
08_AM,19,1,47,22/08/2013,04:41:42 pm,vertical,strong,2,3,0.6,1,1,4,0,5,1,6,0,7,1
08_AM,19,1,48,22/08/2013,04:42:08 pm,horizontal,weak,1,4,0.8,0,1,1,1,3,1,6,1,8,0
08_AM,19,1,49,22/08/2013,04:42:32 pm,vertical,strong,0,5,1.0,0,1,1,1,2,1,3,1,4,1
08_AM,19,1,50,22/08/2013,04:42:54 pm,vertical,strong,0,5,1.0,0,1,1,1,4,1,6,1,8,1
08_AM,19,1,51,22/08/2013,04:43:17 pm,horizontal,weak,0,5,1.0,0,1,1,1,2,1,4,1,7,1
08_AM,19,1,52,22/08/2013,04:43:39 pm,horizontal,weak,0,5,1.0,0,1,1,1,2,1,6,1,7,1
08_AM,19,1,53,22/08/2013,04:44:01 pm,horizontal,weak,0,5,1.0,0,1,2,1,3,1,5,1,7,1
08_AM,19,1,54,22/08/2013,04:44:24 pm,horizontal,weak,0,5,1.0,0,1,1,1,2,1,5,1,7,1
08_AM,19,1,55,22/08/2013,04:44:47 pm,horizontal,weak,1,4,0.8,0,1,2,1,4,1,6,0,7,1
08_AM,19,1,56,22/08/2013,04:45:10 pm,horizontal,weak,0,5,1.0,0,1,1,1,2,1,3,1,6,1
08_AM,19,1,57,22/08/2013,04:45:33 pm,horizontal,weak,0,5,1.0,0,1,1,1,6,1,7,1,8,1
08_AM,19,1,58,22/08/2013,04:45:56 pm,horizontal,weak,0,5,1.0,0,1,1,1,2,1,6,1,8,1
08_AM,19,1,59,22/08/2013,04:46:17 pm,horizontal,weak,1,4,0.8,1,1,3,1,4,1,5,0,7,1
09_YL,22,1,0,23/08/2013,11:15:20 am,vertical,strong,0,5,1.0,0,1,1,1,3,1,4,1,9,1
09_YL,22,1,1,23/08/2013,11:15:43 am,horizontal,weak,0,5,1.0,0,1,1,1,2,1,3,1,6,1
09_YL,22,1,2,23/08/2013,11:16:06 am,horizontal,weak,0,5,1.0,0,1,1,1,2,1,3,1,7,1
09_YL,22,1,3,23/08/2013,11:16:29 am,vertical,strong,0,5,1.0,0,1,3,1,4,1,5,1,6,1
09_YL,22,1,4,23/08/2013,11:16:54 am,vertical,strong,1,4,0.8,0,1,1,1,2,1,6,1,9,0
09_YL,22,1,5,23/08/2013,11:17:19 am,vertical,strong,2,3,0.6,0,1,4,1,7,1,8,0,9,0
09_YL,22,1,6,23/08/2013,11:17:45 am,vertical,strong,1,4,0.8,0,1,2,1,3,1,4,0,6,1
09_YL,22,1,7,23/08/2013,11:18:12 am,vertical,strong,1,4,0.8,0,1,1,1,2,1,5,1,6,0
09_YL,22,1,8,23/08/2013,11:18:36 am,horizontal,weak,2,3,0.6,0,1,2,1,3,0,6,0,7,1
09_YL,22,1,9,23/08/2013,11:19:00 am,horizontal,weak,0,5,1.0,0,1,1,1,2,1,3,1,6,1
09_YL,22,1,10,23/08/2013,11:19:23 am,vertical,strong,2,3,0.6,1,1,2,0,3,1,5,0,6,1
09_YL,22,1,11,23/08/2013,11:19:49 am,horizontal,weak,1,4,0.8,0,1,2,1,4,0,6,1,9,1
09_YL,22,1,12,23/08/2013,11:20:15 am,vertical,strong,1,4,0.8,0,1,1,1,2,1,6,1,9,0
09_YL,22,1,13,23/08/2013,11:20:39 am,horizontal,weak,0,5,1.0,0,1,1,1,2,1,5,1,7,1
09_YL,22,1,14,23/08/2013,11:21:04 am,vertical,strong,0,5,1.0,0,1,1,1,2,1,4,1,5,1
09_YL,22,1,15,23/08/2013,11:21:29 am,vertical,strong,0,5,1.0,0,1,2,1,4,1,7,1,8,1
09_YL,22,1,16,23/08/2013,11:21:54 am,horizontal,weak,1,4,0.8,0,1,1,1,2,1,4,1,6,0
09_YL,22,1,17,23/08/2013,11:22:19 am,horizontal,weak,1,4,0.8,1,1,3,1,4,1,6,1,9,0
09_YL,22,1,18,23/08/2013,11:22:43 am,vertical,strong,0,5,1.0,0,1,1,1,2,1,3,1,6,1
09_YL,22,1,19,23/08/2013,11:24:02 am,horizontal,weak,0,5,1.0,0,1,1,1,2,1,4,1,9,1
09_YL,22,1,20,23/08/2013,11:24:28 am,horizontal,weak,2,3,0.6,0,1,2,1,3,0,8,0,9,1
09_YL,22,1,21,23/08/2013,11:24:53 am,horizontal,weak,0,5,1.0,0,1,1,1,2,1,4,1,6,1
09_YL,22,1,22,23/08/2013,11:25:17 am,horizontal,weak,2,3,0.6,0,1,2,0,4,1,6,0,7,1
09_YL,22,1,23,23/08/2013,11:25:40 am,vertical,strong,0,5,1.0,0,1,1,1,2,1,7,1,8,1
09_YL,22,1,24,23/08/2013,11:26:04 am,vertical,strong,0,5,1.0,0,1,1,1,2,1,3,1,4,1
09_YL,22,1,25,23/08/2013,11:26:29 am,horizontal,weak,0,5,1.0,0,1,1,1,2,1,3,1,7,1
09_YL,22,1,26,23/08/2013,11:26:55 am,vertical,strong,1,4,0.8,0,1,2,1,3,1,6,0,8,1
09_YL,22,1,27,23/08/2013,11:27:20 am,vertical,strong,0,5,1.0,0,1,1,1,2,1,3,1,4,1
09_YL,22,1,28,23/08/2013,11:27:46 am,vertical,strong,1,4,0.8,0,1,1,1,2,1,7,0,9,1
09_YL,22,1,29,23/08/2013,11:28:11 am,vertical,strong,2,3,0.6,1,1,2,1,4,0,5,0,8,1
09_YL,22,1,30,23/08/2013,11:28:35 am,horizontal,weak,0,5,1.0,0,1,1,1,2,1,4,1,7,1
09_YL,22,1,31,23/08/2013,11:28:58 am,horizontal,weak,0,5,1.0,0,1,1,1,4,1,6,1,8,1
09_YL,22,1,32,23/08/2013,11:29:22 am,vertical,strong,0,5,1.0,0,1,1,1,2,1,8,1,9,1
09_YL,22,1,33,23/08/2013,11:29:47 am,horizontal,weak,1,4,0.8,1,1,4,1,6,1,7,1,8,0
09_YL,22,1,34,23/08/2013,11:30:11 am,vertical,strong,0,5,1.0,0,1,1,1,2,1,4,1,5,1
09_YL,22,1,35,23/08/2013,11:30:35 am,horizontal,weak,0,5,1.0,0,1,1,1,2,1,3,1,5,1
09_YL,22,1,36,23/08/2013,11:31:00 am,horizontal,weak,0,5,1.0,0,1,1,1,2,1,6,1,7,1
09_YL,22,1,37,23/08/2013,11:31:25 am,vertical,strong,1,4,0.8,0,1,3,1,5,1,6,1,9,0
09_YL,22,1,38,23/08/2013,11:31:49 am,vertical,strong,2,3,0.6,0,1,2,0,4,1,6,1,8,0
09_YL,22,1,39,23/08/2013,11:33:13 am,horizontal,weak,0,5,1.0,0,1,1,1,4,1,5,1,8,1
09_YL,22,1,40,23/08/2013,11:33:38 am,horizontal,weak,0,5,1.0,0,1,1,1,2,1,3,1,4,1
09_YL,22,1,41,23/08/2013,11:34:01 am,horizontal,weak,0,5,1.0,0,1,1,1,2,1,4,1,6,1
09_YL,22,1,42,23/08/2013,11:34:28 am,horizontal,weak,0,5,1.0,0,1,1,1,2,1,3,1,4,1
09_YL,22,1,43,23/08/2013,11:34:51 am,horizontal,weak,0,5,1.0,0,1,1,1,2,1,4,1,6,1
09_YL,22,1,44,23/08/2013,11:35:14 am,vertical,strong,1,4,0.8,0,1,1,1,4,1,7,1,9,0
09_YL,22,1,45,23/08/2013,11:35:38 am,horizontal,weak,2,3,0.6,0,1,1,1,2,0,5,0,6,1
09_YL,22,1,46,23/08/2013,11:36:03 am,horizontal,weak,0,5,1.0,0,1,1,1,3,1,4,1,6,1
09_YL,22,1,47,23/08/2013,11:36:26 am,vertical,strong,0,5,1.0,0,1,1,1,2,1,4,1,6,1
09_YL,22,1,48,23/08/2013,11:36:51 am,horizontal,weak,0,5,1.0,0,1,4,1,6,1,7,1,8,1
09_YL,22,1,49,23/08/2013,11:37:14 am,horizontal,weak,0,5,1.0,0,1,1,1,2,1,5,1,9,1
09_YL,22,1,50,23/08/2013,11:37:38 am,horizontal,weak,1,4,0.8,0,1,2,1,4,1,6,1,9,0
09_YL,22,1,51,23/08/2013,11:38:01 am,vertical,strong,0,5,1.0,0,1,1,1,2,1,3,1,5,1
09_YL,22,1,52,23/08/2013,11:38:26 am,vertical,strong,1,4,0.8,0,1,1,1,2,1,6,1,9,0
09_YL,22,1,53,23/08/2013,11:38:52 am,horizontal,weak,0,5,1.0,0,1,1,1,2,1,5,1,6,1
09_YL,22,1,54,23/08/2013,11:39:17 am,vertical,strong,0,5,1.0,0,1,1,1,2,1,4,1,6,1
09_YL,22,1,55,23/08/2013,11:39:40 am,vertical,strong,1,4,0.8,0,1,1,1,2,1,3,1,4,0
09_YL,22,1,56,23/08/2013,11:40:03 am,vertical,strong,1,4,0.8,0,1,1,1,3,1,4,1,6,0
09_YL,22,1,57,23/08/2013,11:40:28 am,vertical,strong,0,5,1.0,0,1,1,1,2,1,6,1,7,1
09_YL,22,1,58,23/08/2013,11:40:52 am,vertical,strong,1,4,0.8,0,1,1,1,2,0,3,1,4,1
09_YL,22,1,59,23/08/2013,11:41:16 am,horizontal,weak,0,5,1.0,0,1,2,1,3,1,5,1,6,1
10_TP,27,0,0,23/08/2013,02:04:59 pm,horizontal,weak,0,5,1.0,0,1,2,1,4,1,7,1,9,1
10_TP,27,0,1,23/08/2013,02:05:21 pm,vertical,strong,0,5,1.0,0,1,1,1,2,1,3,1,9,1
10_TP,27,0,2,23/08/2013,02:05:42 pm,vertical,strong,1,4,0.8,0,1,1,1,2,1,3,1,9,0
10_TP,27,0,3,23/08/2013,02:06:03 pm,vertical,strong,0,5,1.0,0,1,2,1,3,1,7,1,9,1
10_TP,27,0,4,23/08/2013,02:06:27 pm,vertical,strong,1,4,0.8,1,1,3,1,7,0,8,1,9,1
10_TP,27,0,5,23/08/2013,02:06:49 pm,horizontal,weak,0,5,1.0,0,1,1,1,3,1,4,1,9,1
10_TP,27,0,6,23/08/2013,02:07:10 pm,vertical,strong,2,3,0.6,1,1,2,1,3,0,5,1,9,0
10_TP,27,0,7,23/08/2013,02:07:35 pm,horizontal,weak,0,5,1.0,0,1,1,1,2,1,3,1,5,1
10_TP,27,0,8,23/08/2013,02:07:56 pm,vertical,strong,0,5,1.0,0,1,1,1,2,1,7,1,8,1
10_TP,27,0,9,23/08/2013,02:08:16 pm,vertical,strong,3,2,0.4,3,0,4,1,5,0,6,1,7,0
10_TP,27,0,10,23/08/2013,02:08:37 pm,horizontal,weak,1,4,0.8,0,1,1,1,2,1,3,1,5,0
10_TP,27,0,11,23/08/2013,02:08:58 pm,vertical,strong,2,3,0.6,2,1,3,0,4,1,5,0,8,1
10_TP,27,0,12,23/08/2013,02:09:20 pm,horizontal,weak,2,3,0.6,2,1,4,1,5,0,7,0,9,1
10_TP,27,0,13,23/08/2013,02:09:42 pm,vertical,strong,0,5,1.0,0,1,1,1,2,1,4,1,6,1
10_TP,27,0,14,23/08/2013,02:10:02 pm,horizontal,weak,2,3,0.6,0,1,3,1,4,1,6,0,9,0
10_TP,27,0,15,23/08/2013,02:10:23 pm,horizontal,weak,1,4,0.8,0,1,1,1,3,1,6,1,8,0
10_TP,27,0,16,23/08/2013,02:10:42 pm,vertical,strong,0,5,1.0,0,1,1,1,2,1,4,1,9,1
10_TP,27,0,17,23/08/2013,02:11:07 pm,horizontal,weak,2,3,0.6,0,1,2,1,7,1,8,0,9,0
10_TP,27,0,18,23/08/2013,02:11:27 pm,vertical,strong,3,2,0.4,2,1,3,1,5,0,8,0,9,0
10_TP,27,0,19,23/08/2013,02:11:46 pm,horizontal,weak,0,5,1.0,0,1,1,1,3,1,6,1,7,1
10_TP,27,0,20,23/08/2013,02:12:06 pm,horizontal,weak,1,4,0.8,1,1,2,1,4,1,7,1,8,0
10_TP,27,0,21,23/08/2013,02:12:31 pm,vertical,strong,1,4,0.8,1,1,2,1,5,1,6,1,8,0
10_TP,27,0,22,23/08/2013,02:12:53 pm,vertical,strong,2,3,0.6,0,1,1,1,2,0,6,1,7,0
10_TP,27,0,23,23/08/2013,02:13:14 pm,horizontal,weak,1,4,0.8,0,1,2,0,4,1,8,1,9,1
10_TP,27,0,24,23/08/2013,02:13:34 pm,vertical,strong,2,3,0.6,1,1,2,1,6,0,8,1,9,0
10_TP,27,0,25,23/08/2013,02:13:53 pm,vertical,strong,1,4,0.8,0,1,1,1,3,1,4,1,8,0
10_TP,27,0,26,23/08/2013,02:14:15 pm,horizontal,weak,1,4,0.8,0,1,1,1,2,0,3,1,9,1
10_TP,27,0,27,23/08/2013,02:14:37 pm,horizontal,weak,1,4,0.8,0,1,1,1,5,1,8,0,9,1
10_TP,27,0,28,23/08/2013,02:14:56 pm,vertical,strong,1,4,0.8,0,1,2,0,4,1,6,1,8,1
10_TP,27,0,29,23/08/2013,02:15:17 pm,horizontal,weak,1,4,0.8,0,1,1,1,2,1,4,1,8,0
10_TP,27,0,30,23/08/2013,02:15:37 pm,vertical,strong,0,5,1.0,0,1,2,1,3,1,6,1,7,1
10_TP,27,0,31,23/08/2013,02:15:59 pm,vertical,strong,0,5,1.0,0,1,1,1,2,1,3,1,4,1
10_TP,27,0,32,23/08/2013,02:16:19 pm,horizontal,weak,1,4,0.8,0,1,2,1,3,1,4,1,9,0
10_TP,27,0,33,23/08/2013,02:16:40 pm,horizontal,weak,0,5,1.0,0,1,1,1,3,1,5,1,9,1
10_TP,27,0,34,23/08/2013,02:17:00 pm,horizontal,weak,1,4,0.8,0,1,2,1,4,0,6,1,7,1
10_TP,27,0,35,23/08/2013,02:17:20 pm,horizontal,weak,1,4,0.8,0,1,1,1,2,1,3,1,7,0
10_TP,27,0,36,23/08/2013,02:17:41 pm,horizontal,weak,1,4,0.8,0,1,1,1,2,1,4,0,6,1
10_TP,27,0,37,23/08/2013,02:18:01 pm,horizontal,weak,0,5,1.0,0,1,2,1,3,1,5,1,9,1
10_TP,27,0,38,23/08/2013,02:18:21 pm,horizontal,weak,0,5,1.0,0,1,2,1,3,1,4,1,7,1
10_TP,27,0,39,23/08/2013,02:18:41 pm,horizontal,weak,0,5,1.0,0,1,1,1,2,1,3,1,6,1
10_TP,27,0,40,23/08/2013,02:19:00 pm,vertical,strong,1,4,0.8,0,1,1,1,2,1,4,0,6,1
10_TP,27,0,41,23/08/2013,02:19:20 pm,horizontal,weak,0,5,1.0,0,1,1,1,2,1,7,1,9,1
10_TP,27,0,42,23/08/2013,02:19:39 pm,horizontal,weak,1,4,0.8,0,1,2,1,3,1,5,1,9,0
10_TP,27,0,43,23/08/2013,02:19:58 pm,vertical,strong,0,5,1.0,0,1,1,1,2,1,3,1,6,1
10_TP,27,0,44,23/08/2013,02:20:19 pm,vertical,strong,1,4,0.8,0,1,1,1,4,1,7,1,8,0
10_TP,27,0,45,23/08/2013,02:20:40 pm,horizontal,weak,2,3,0.6,0,1,1,1,2,1,7,0,8,0
10_TP,27,0,46,23/08/2013,02:21:00 pm,vertical,strong,1,4,0.8,0,1,2,1,3,1,5,0,6,1
10_TP,27,0,47,23/08/2013,02:21:20 pm,horizontal,weak,1,4,0.8,0,1,1,1,3,1,7,0,9,1
10_TP,27,0,48,23/08/2013,02:21:42 pm,vertical,strong,0,5,1.0,0,1,1,1,2,1,3,1,7,1
10_TP,27,0,49,23/08/2013,02:22:09 pm,horizontal,weak,0,5,1.0,0,1,1,1,2,1,5,1,6,1
10_TP,27,0,50,23/08/2013,02:22:29 pm,horizontal,weak,1,4,0.8,0,1,1,1,3,1,4,1,6,0
10_TP,27,0,51,23/08/2013,02:22:48 pm,vertical,strong,0,5,1.0,0,1,1,1,2,1,4,1,7,1
10_TP,27,0,52,23/08/2013,02:23:09 pm,horizontal,weak,1,4,0.8,0,1,1,1,2,1,3,1,9,0
10_TP,27,0,53,23/08/2013,02:23:36 pm,vertical,strong,2,3,0.6,2,1,3,0,7,1,8,1,9,0
10_TP,27,0,54,23/08/2013,02:23:58 pm,vertical,strong,2,3,0.6,0,1,5,0,6,1,7,1,9,0
10_TP,27,0,55,23/08/2013,02:24:17 pm,vertical,strong,1,4,0.8,0,1,1,1,3,1,4,1,5,0
10_TP,27,0,56,23/08/2013,02:24:37 pm,vertical,strong,0,5,1.0,0,1,1,1,2,1,3,1,7,1
10_TP,27,0,57,23/08/2013,02:24:57 pm,vertical,strong,0,5,1.0,0,1,1,1,2,1,3,1,9,1
10_TP,27,0,58,23/08/2013,02:25:18 pm,vertical,strong,0,5,1.0,0,1,1,1,3,1,6,1,9,1
10_TP,27,0,59,23/08/2013,02:25:39 pm,horizontal,weak,0,5,1.0,0,1,1,1,2,1,6,1,7,1
11_KV,22,1,0,23/08/2013,04:11:46 pm,horizontal,weak,1,4,0.8,0,1,1,1,3,1,5,1,6,0
11_KV,22,1,1,23/08/2013,04:12:01 pm,vertical,strong,2,3,0.6,1,1,3,0,5,1,6,1,9,0
11_KV,22,1,2,23/08/2013,04:12:16 pm,horizontal,weak,1,4,0.8,0,1,1,1,2,1,7,1,9,0
11_KV,22,1,3,23/08/2013,04:12:33 pm,horizontal,weak,1,4,0.8,0,1,2,1,5,1,7,1,8,0
11_KV,22,1,4,23/08/2013,04:12:48 pm,horizontal,weak,1,4,0.8,0,1,2,1,4,1,8,1,9,0
11_KV,22,1,5,23/08/2013,04:13:02 pm,vertical,strong,1,4,0.8,0,1,3,1,4,0,5,1,8,1
11_KV,22,1,6,23/08/2013,04:13:17 pm,horizontal,weak,0,5,1.0,0,1,1,1,2,1,4,1,7,1
11_KV,22,1,7,23/08/2013,04:13:30 pm,vertical,strong,0,5,1.0,0,1,1,1,3,1,5,1,7,1
11_KV,22,1,8,23/08/2013,04:13:45 pm,vertical,strong,2,3,0.6,0,1,2,0,4,0,6,1,9,1
11_KV,22,1,9,23/08/2013,04:13:59 pm,horizontal,weak,1,4,0.8,0,1,4,1,5,1,6,1,8,0
11_KV,22,1,10,23/08/2013,04:14:32 pm,vertical,strong,2,3,0.6,1,1,3,1,4,0,6,0,9,1
11_KV,22,1,11,23/08/2013,04:14:46 pm,vertical,strong,1,4,0.8,0,1,1,1,3,0,4,1,6,1
11_KV,22,1,12,23/08/2013,04:15:00 pm,horizontal,weak,0,5,1.0,0,1,2,1,3,1,5,1,9,1
11_KV,22,1,13,23/08/2013,04:15:14 pm,horizontal,weak,1,4,0.8,2,1,3,1,4,1,5,1,6,0
11_KV,22,1,14,23/08/2013,04:15:27 pm,horizontal,weak,1,4,0.8,0,1,1,1,3,1,4,1,5,0
11_KV,22,1,15,23/08/2013,04:15:41 pm,vertical,strong,1,4,0.8,0,1,2,1,3,0,5,1,8,1
11_KV,22,1,16,23/08/2013,04:15:55 pm,vertical,strong,1,4,0.8,0,1,1,1,4,1,5,1,7,0
11_KV,22,1,17,23/08/2013,04:16:11 pm,horizontal,weak,3,2,0.4,1,1,4,1,5,0,6,0,7,0
11_KV,22,1,18,23/08/2013,04:16:25 pm,horizontal,weak,0,5,1.0,0,1,1,1,4,1,5,1,8,1
11_KV,22,1,19,23/08/2013,04:16:39 pm,vertical,strong,2,3,0.6,0,1,2,1,7,1,8,0,9,0
11_KV,22,1,20,23/08/2013,04:16:52 pm,horizontal,weak,1,4,0.8,0,1,1,1,2,1,6,1,9,0
11_KV,22,1,21,23/08/2013,04:17:08 pm,vertical,strong,1,4,0.8,0,1,1,1,3,1,5,1,9,0
11_KV,22,1,22,23/08/2013,04:17:22 pm,horizontal,weak,1,4,0.8,1,1,2,1,3,1,8,1,9,0
11_KV,22,1,23,23/08/2013,04:17:37 pm,vertical,strong,1,4,0.8,0,1,1,1,2,1,4,1,9,0
11_KV,22,1,24,23/08/2013,04:17:50 pm,horizontal,weak,0,5,1.0,0,1,1,1,2,1,5,1,9,1
11_KV,22,1,25,23/08/2013,04:18:04 pm,horizontal,weak,0,5,1.0,0,1,2,1,3,1,4,1,5,1
11_KV,22,1,26,23/08/2013,04:18:19 pm,vertical,strong,2,3,0.6,2,0,3,1,4,0,5,1,9,1
11_KV,22,1,27,23/08/2013,04:18:32 pm,horizontal,weak,1,4,0.8,0,1,2,1,3,1,4,1,7,0
11_KV,22,1,28,23/08/2013,04:18:46 pm,vertical,strong,2,3,0.6,1,1,2,1,5,1,8,0,9,0
11_KV,22,1,29,23/08/2013,04:19:02 pm,vertical,strong,2,3,0.6,0,1,4,0,7,1,8,0,9,1
11_KV,22,1,30,23/08/2013,04:19:17 pm,vertical,strong,1,4,0.8,0,1,1,0,3,1,6,1,7,1
11_KV,22,1,31,23/08/2013,04:19:31 pm,vertical,strong,2,3,0.6,1,1,5,1,6,1,7,0,8,0
11_KV,22,1,32,23/08/2013,04:19:44 pm,vertical,strong,2,3,0.6,1,1,2,1,3,0,5,1,9,0
11_KV,22,1,33,23/08/2013,04:19:57 pm,vertical,strong,1,4,0.8,0,1,1,1,2,0,3,1,4,1
11_KV,22,1,34,23/08/2013,04:20:11 pm,horizontal,weak,1,4,0.8,1,1,2,1,3,1,6,0,9,1
11_KV,22,1,35,23/08/2013,04:20:23 pm,vertical,strong,2,3,0.6,0,1,2,0,4,0,5,1,8,1
11_KV,22,1,36,23/08/2013,04:20:39 pm,horizontal,weak,2,3,0.6,0,1,1,1,5,1,6,0,9,0
11_KV,22,1,37,23/08/2013,04:20:53 pm,vertical,strong,2,3,0.6,0,1,1,0,4,1,5,1,6,0
11_KV,22,1,38,23/08/2013,04:21:15 pm,horizontal,weak,1,4,0.8,0,1,1,1,3,1,6,0,7,1
11_KV,22,1,39,23/08/2013,04:21:29 pm,horizontal,weak,0,5,1.0,0,1,1,1,2,1,3,1,9,1
11_KV,22,1,40,23/08/2013,04:21:42 pm,horizontal,weak,0,5,1.0,0,1,1,1,2,1,3,1,9,1
11_KV,22,1,41,23/08/2013,04:21:56 pm,vertical,strong,1,4,0.8,0,1,1,1,2,1,4,1,8,0
11_KV,22,1,42,23/08/2013,04:22:10 pm,horizontal,weak,1,4,0.8,1,1,2,1,3,1,4,1,7,0
11_KV,22,1,43,23/08/2013,04:22:26 pm,vertical,strong,1,4,0.8,0,1,1,1,2,1,5,0,8,1
11_KV,22,1,44,23/08/2013,04:22:40 pm,vertical,strong,1,4,0.8,1,1,2,0,3,1,4,1,7,1
11_KV,22,1,45,23/08/2013,04:22:53 pm,vertical,strong,1,4,0.8,0,1,1,1,2,1,3,1,7,0
11_KV,22,1,46,23/08/2013,04:23:06 pm,vertical,strong,0,5,1.0,0,1,1,1,2,1,4,1,8,1
11_KV,22,1,47,23/08/2013,04:23:19 pm,horizontal,weak,1,4,0.8,0,1,2,1,3,1,4,1,5,0
11_KV,22,1,48,23/08/2013,04:23:32 pm,horizontal,weak,1,4,0.8,0,1,2,1,4,1,6,0,7,1
11_KV,22,1,49,23/08/2013,04:23:46 pm,vertical,strong,1,4,0.8,0,1,1,1,3,1,5,1,7,0
11_KV,22,1,50,23/08/2013,04:24:00 pm,vertical,strong,1,4,0.8,1,1,2,1,3,0,4,1,5,1
11_KV,22,1,51,23/08/2013,04:24:12 pm,horizontal,weak,2,3,0.6,0,1,1,1,2,0,4,1,6,0
11_KV,22,1,52,23/08/2013,04:24:27 pm,vertical,strong,1,4,0.8,0,1,2,1,5,1,6,0,7,1
11_KV,22,1,53,23/08/2013,04:24:41 pm,horizontal,weak,1,4,0.8,1,1,3,1,5,0,6,1,8,1
11_KV,22,1,54,23/08/2013,04:24:53 pm,horizontal,weak,1,4,0.8,0,1,2,1,3,1,4,1,7,0
11_KV,22,1,55,23/08/2013,04:25:09 pm,vertical,strong,0,5,1.0,0,1,1,1,2,1,3,1,5,1
11_KV,22,1,56,23/08/2013,04:25:23 pm,horizontal,weak,1,4,0.8,0,1,2,1,5,1,6,1,7,0
11_KV,22,1,57,23/08/2013,04:25:36 pm,vertical,strong,0,5,1.0,0,1,1,1,2,1,4,1,8,1
11_KV,22,1,58,23/08/2013,04:25:48 pm,horizontal,weak,1,4,0.8,0,1,1,1,2,1,4,1,6,0
11_KV,22,1,59,23/08/2013,04:26:02 pm,horizontal,weak,1,4,0.8,0,1,2,1,3,1,4,1,7,0
12_AV,24,1,0,26/08/2013,09:14:04 am,horizontal,weak,0,5,1.0,0,1,1,1,2,1,3,1,5,1
12_AV,24,1,1,26/08/2013,09:14:26 am,horizontal,weak,1,4,0.8,1,0,2,1,3,1,4,1,5,1
12_AV,24,1,2,26/08/2013,09:14:50 am,horizontal,weak,1,4,0.8,0,1,2,1,5,1,6,1,9,0
12_AV,24,1,3,26/08/2013,09:15:12 am,horizontal,weak,1,4,0.8,0,1,1,1,2,1,6,1,8,0
12_AV,24,1,4,26/08/2013,09:15:36 am,horizontal,weak,1,4,0.8,0,1,1,1,3,1,8,1,9,0
12_AV,24,1,5,26/08/2013,09:15:59 am,horizontal,weak,1,4,0.8,1,1,2,1,3,1,4,1,5,0
12_AV,24,1,6,26/08/2013,09:16:20 am,horizontal,weak,2,3,0.6,0,1,2,1,6,1,7,0,9,0
12_AV,24,1,7,26/08/2013,09:16:44 am,horizontal,weak,1,4,0.8,0,1,1,1,2,1,5,0,6,1
12_AV,24,1,8,26/08/2013,09:17:09 am,vertical,strong,0,5,1.0,0,1,1,1,2,1,3,1,6,1
12_AV,24,1,9,26/08/2013,09:17:32 am,horizontal,weak,2,3,0.6,1,1,2,0,3,1,4,1,6,0
12_AV,24,1,10,26/08/2013,09:17:53 am,horizontal,weak,1,4,0.8,0,1,1,1,2,1,3,1,6,0
12_AV,24,1,11,26/08/2013,09:18:16 am,vertical,strong,0,5,1.0,0,1,1,1,3,1,4,1,7,1
12_AV,24,1,12,26/08/2013,09:18:39 am,vertical,strong,0,5,1.0,0,1,1,1,2,1,7,1,8,1
12_AV,24,1,13,26/08/2013,09:19:01 am,horizontal,weak,0,5,1.0,0,1,1,1,2,1,5,1,8,1
12_AV,24,1,14,26/08/2013,09:19:29 am,horizontal,weak,1,4,0.8,0,1,1,1,3,1,5,0,6,1
12_AV,24,1,15,26/08/2013,09:19:51 am,vertical,strong,0,5,1.0,0,1,1,1,2,1,3,1,4,1
12_AV,24,1,16,26/08/2013,09:20:15 am,horizontal,weak,0,5,1.0,0,1,1,1,3,1,5,1,9,1
12_AV,24,1,17,26/08/2013,09:20:36 am,horizontal,weak,0,5,1.0,0,1,1,1,2,1,3,1,7,1
12_AV,24,1,18,26/08/2013,09:20:58 am,vertical,strong,0,5,1.0,0,1,2,1,4,1,5,1,6,1
12_AV,24,1,19,26/08/2013,09:22:22 am,vertical,strong,2,3,0.6,0,1,1,1,2,0,4,1,5,0
12_AV,24,1,20,26/08/2013,09:22:49 am,vertical,strong,1,4,0.8,0,1,3,1,5,1,6,1,8,0
12_AV,24,1,21,26/08/2013,09:23:11 am,horizontal,weak,0,5,1.0,0,1,1,1,3,1,4,1,9,1
12_AV,24,1,22,26/08/2013,09:23:35 am,vertical,strong,0,5,1.0,0,1,1,1,3,1,4,1,6,1
12_AV,24,1,23,26/08/2013,09:23:58 am,vertical,strong,1,4,0.8,0,1,2,1,4,1,7,0,8,1
12_AV,24,1,24,26/08/2013,09:24:21 am,horizontal,weak,0,5,1.0,0,1,1,1,3,1,4,1,6,1
12_AV,24,1,25,26/08/2013,09:24:43 am,horizontal,weak,0,5,1.0,0,1,1,1,2,1,4,1,6,1
12_AV,24,1,26,26/08/2013,09:25:06 am,vertical,strong,1,4,0.8,2,1,3,1,5,1,7,0,8,1
12_AV,24,1,27,26/08/2013,09:25:36 am,horizontal,weak,1,4,0.8,0,1,1,1,2,0,5,1,7,1
12_AV,24,1,28,26/08/2013,09:25:59 am,vertical,strong,0,5,1.0,0,1,1,1,3,1,7,1,8,1
12_AV,24,1,29,26/08/2013,09:26:24 am,vertical,strong,0,5,1.0,0,1,2,1,3,1,5,1,6,1
12_AV,24,1,30,26/08/2013,09:26:47 am,horizontal,weak,2,3,0.6,0,1,1,1,2,1,7,0,9,0
12_AV,24,1,31,26/08/2013,09:27:09 am,vertical,strong,1,4,0.8,0,1,1,1,2,1,4,1,9,0
12_AV,24,1,32,26/08/2013,09:27:33 am,vertical,strong,0,5,1.0,0,1,1,1,2,1,6,1,9,1
12_AV,24,1,33,26/08/2013,09:27:57 am,vertical,strong,0,5,1.0,0,1,1,1,2,1,6,1,9,1
12_AV,24,1,34,26/08/2013,09:28:20 am,vertical,strong,2,3,0.6,0,1,1,1,2,0,5,0,7,1
12_AV,24,1,35,26/08/2013,09:28:46 am,vertical,strong,1,4,0.8,0,1,1,1,2,1,3,1,6,0
12_AV,24,1,36,26/08/2013,09:29:10 am,vertical,strong,0,5,1.0,0,1,1,1,4,1,5,1,8,1
12_AV,24,1,37,26/08/2013,09:29:34 am,vertical,strong,1,4,0.8,0,1,1,1,2,1,3,1,8,0
12_AV,24,1,38,26/08/2013,09:29:55 am,vertical,strong,2,3,0.6,0,1,2,1,6,0,7,1,8,0
12_AV,24,1,39,26/08/2013,09:31:19 am,vertical,strong,1,4,0.8,0,1,4,1,6,0,7,1,9,1
12_AV,24,1,40,26/08/2013,09:31:42 am,vertical,strong,2,3,0.6,2,1,3,1,4,1,5,0,8,0
12_AV,24,1,41,26/08/2013,09:32:04 am,vertical,strong,0,5,1.0,0,1,1,1,2,1,5,1,6,1
12_AV,24,1,42,26/08/2013,09:32:26 am,vertical,strong,1,4,0.8,1,1,2,1,3,1,5,1,8,0
12_AV,24,1,43,26/08/2013,09:32:48 am,horizontal,weak,0,5,1.0,0,1,1,1,2,1,6,1,8,1
12_AV,24,1,44,26/08/2013,09:33:12 am,horizontal,weak,1,4,0.8,1,1,3,1,4,1,7,0,9,1
12_AV,24,1,45,26/08/2013,09:33:34 am,horizontal,weak,2,3,0.6,1,1,2,0,3,1,5,1,9,0
12_AV,24,1,46,26/08/2013,09:33:57 am,horizontal,weak,1,4,0.8,0,1,1,1,3,1,4,0,5,1
12_AV,24,1,47,26/08/2013,09:34:20 am,vertical,strong,1,4,0.8,0,1,1,1,3,1,5,0,7,1
12_AV,24,1,48,26/08/2013,09:34:44 am,vertical,strong,1,4,0.8,0,1,1,1,2,1,5,1,8,0
12_AV,24,1,49,26/08/2013,09:35:05 am,vertical,strong,1,4,0.8,0,1,1,1,2,0,4,1,8,1
12_AV,24,1,50,26/08/2013,09:35:27 am,horizontal,weak,1,4,0.8,0,1,2,1,3,0,4,1,6,1
12_AV,24,1,51,26/08/2013,09:35:51 am,horizontal,weak,1,4,0.8,2,1,3,1,4,1,5,0,8,1
12_AV,24,1,52,26/08/2013,09:36:13 am,horizontal,weak,1,4,0.8,0,1,1,1,3,0,5,1,6,1
12_AV,24,1,53,26/08/2013,09:36:37 am,horizontal,weak,0,5,1.0,0,1,1,1,2,1,5,1,6,1
12_AV,24,1,54,26/08/2013,09:36:59 am,horizontal,weak,2,3,0.6,0,1,1,1,2,0,7,0,9,1
12_AV,24,1,55,26/08/2013,09:37:21 am,vertical,strong,1,4,0.8,0,1,2,1,5,1,7,0,8,1
12_AV,24,1,56,26/08/2013,09:37:44 am,vertical,strong,0,5,1.0,0,1,1,1,2,1,3,1,9,1
12_AV,24,1,57,26/08/2013,09:38:06 am,horizontal,weak,0,5,1.0,0,1,1,1,2,1,3,1,8,1
12_AV,24,1,58,26/08/2013,09:38:28 am,horizontal,weak,0,5,1.0,0,1,1,1,2,1,3,1,6,1
12_AV,24,1,59,26/08/2013,09:38:49 am,vertical,strong,1,4,0.8,0,1,1,1,4,1,5,1,7,0
13_JB,28,0,0,26/08/2013,10:13:08 am,horizontal,weak,1,4,0.8,0,1,2,1,4,1,5,0,8,1
13_JB,28,0,1,26/08/2013,10:13:30 am,horizontal,weak,0,5,1.0,0,1,1,1,2,1,4,1,5,1
13_JB,28,0,2,26/08/2013,10:13:54 am,horizontal,weak,2,3,0.6,0,1,1,1,3,1,5,0,6,0
13_JB,28,0,3,26/08/2013,10:14:17 am,vertical,strong,1,4,0.8,0,1,1,1,3,1,4,0,7,1
13_JB,28,0,4,26/08/2013,10:14:40 am,horizontal,weak,0,5,1.0,0,1,1,1,2,1,3,1,5,1
13_JB,28,0,5,26/08/2013,10:15:01 am,horizontal,weak,0,5,1.0,0,1,1,1,3,1,4,1,5,1
13_JB,28,0,6,26/08/2013,10:15:24 am,horizontal,weak,2,3,0.6,0,1,1,0,3,1,4,1,8,0
13_JB,28,0,7,26/08/2013,10:15:46 am,horizontal,weak,0,5,1.0,0,1,2,1,3,1,4,1,6,1
13_JB,28,0,8,26/08/2013,10:16:08 am,vertical,strong,2,3,0.6,1,0,2,1,6,0,8,1,9,1
13_JB,28,0,9,26/08/2013,10:16:32 am,horizontal,weak,0,5,1.0,0,1,1,1,2,1,4,1,5,1
13_JB,28,0,10,26/08/2013,10:16:55 am,vertical,strong,1,4,0.8,0,1,4,1,5,0,7,1,8,1
13_JB,28,0,11,26/08/2013,10:17:20 am,horizontal,weak,1,4,0.8,0,1,1,1,3,1,6,1,9,0
13_JB,28,0,12,26/08/2013,10:17:44 am,horizontal,weak,1,4,0.8,0,1,2,1,3,1,4,0,9,1
13_JB,28,0,13,26/08/2013,10:18:06 am,horizontal,weak,0,5,1.0,0,1,1,1,2,1,6,1,7,1
13_JB,28,0,14,26/08/2013,10:18:28 am,vertical,strong,1,4,0.8,0,1,2,1,3,1,5,0,8,1
13_JB,28,0,15,26/08/2013,10:18:50 am,vertical,strong,0,5,1.0,0,1,3,1,5,1,6,1,7,1
13_JB,28,0,16,26/08/2013,10:19:14 am,horizontal,weak,0,5,1.0,0,1,1,1,2,1,3,1,4,1
13_JB,28,0,17,26/08/2013,10:19:37 am,vertical,strong,1,4,0.8,0,1,1,1,2,1,3,1,6,0
13_JB,28,0,18,26/08/2013,10:19:59 am,vertical,strong,0,5,1.0,0,1,2,1,3,1,7,1,9,1
13_JB,28,0,19,26/08/2013,10:22:06 am,horizontal,weak,0,5,1.0,0,1,2,1,3,1,7,1,8,1
13_JB,28,0,20,26/08/2013,10:22:28 am,horizontal,weak,0,5,1.0,0,1,1,1,5,1,7,1,9,1
13_JB,28,0,21,26/08/2013,10:22:48 am,vertical,strong,2,3,0.6,0,1,2,1,5,0,6,0,7,1
13_JB,28,0,22,26/08/2013,10:23:10 am,horizontal,weak,0,5,1.0,0,1,1,1,4,1,6,1,8,1
13_JB,28,0,23,26/08/2013,10:23:30 am,vertical,strong,1,4,0.8,1,0,2,1,3,1,4,1,9,1
13_JB,28,0,24,26/08/2013,10:23:50 am,vertical,strong,0,5,1.0,0,1,1,1,3,1,4,1,5,1
13_JB,28,0,25,26/08/2013,10:24:11 am,vertical,strong,0,5,1.0,0,1,1,1,3,1,4,1,6,1
13_JB,28,0,26,26/08/2013,10:24:31 am,horizontal,weak,1,4,0.8,0,1,2,1,3,1,5,0,6,1
13_JB,28,0,27,26/08/2013,10:24:51 am,horizontal,weak,0,5,1.0,0,1,2,1,4,1,5,1,9,1
13_JB,28,0,28,26/08/2013,10:25:11 am,horizontal,weak,1,4,0.8,0,1,1,1,4,1,5,1,7,0
13_JB,28,0,29,26/08/2013,10:25:32 am,vertical,strong,1,4,0.8,0,1,1,1,2,1,5,1,6,0
13_JB,28,0,30,26/08/2013,10:25:53 am,vertical,strong,1,4,0.8,0,1,2,1,6,1,8,1,9,0
13_JB,28,0,31,26/08/2013,10:26:13 am,horizontal,weak,0,5,1.0,0,1,1,1,2,1,3,1,5,1
13_JB,28,0,32,26/08/2013,10:26:33 am,vertical,strong,1,4,0.8,0,1,1,1,3,1,5,1,6,0
13_JB,28,0,33,26/08/2013,10:26:52 am,vertical,strong,0,5,1.0,0,1,1,1,3,1,7,1,8,1
13_JB,28,0,34,26/08/2013,10:27:13 am,vertical,strong,2,3,0.6,0,1,3,1,7,0,8,0,9,1
13_JB,28,0,35,26/08/2013,10:27:33 am,vertical,strong,1,4,0.8,0,1,1,1,3,1,4,0,6,1
13_JB,28,0,36,26/08/2013,10:27:54 am,vertical,strong,0,5,1.0,0,1,2,1,4,1,5,1,6,1
13_JB,28,0,37,26/08/2013,10:28:13 am,horizontal,weak,0,5,1.0,0,1,1,1,3,1,4,1,5,1
13_JB,28,0,38,26/08/2013,10:28:32 am,horizontal,weak,1,4,0.8,0,1,1,1,3,1,4,0,9,1
13_JB,28,0,39,26/08/2013,10:28:53 am,horizontal,weak,0,5,1.0,0,1,1,1,3,1,4,1,8,1
13_JB,28,0,40,26/08/2013,10:29:14 am,vertical,strong,1,4,0.8,1,1,2,0,3,1,4,1,8,1
13_JB,28,0,41,26/08/2013,10:32:37 am,vertical,strong,0,5,1.0,0,1,2,1,3,1,7,1,9,1
13_JB,28,0,42,26/08/2013,10:32:56 am,horizontal,weak,0,5,1.0,0,1,1,1,2,1,3,1,5,1
13_JB,28,0,43,26/08/2013,10:33:17 am,vertical,strong,1,4,0.8,0,1,1,1,2,0,4,1,5,1
13_JB,28,0,44,26/08/2013,10:33:38 am,horizontal,weak,0,5,1.0,0,1,1,1,2,1,4,1,5,1
13_JB,28,0,45,26/08/2013,10:33:58 am,horizontal,weak,0,5,1.0,0,1,1,1,2,1,5,1,6,1
13_JB,28,0,46,26/08/2013,10:34:18 am,vertical,strong,2,3,0.6,2,1,4,1,5,1,8,0,9,0
13_JB,28,0,47,26/08/2013,10:34:39 am,vertical,strong,2,3,0.6,0,1,2,0,4,1,5,0,8,1
13_JB,28,0,48,26/08/2013,10:34:59 am,vertical,strong,1,4,0.8,0,1,1,1,2,0,3,1,5,1
13_JB,28,0,49,26/08/2013,10:35:20 am,vertical,strong,2,3,0.6,0,1,1,1,2,1,5,0,8,0
13_JB,28,0,50,26/08/2013,10:35:40 am,vertical,strong,0,5,1.0,0,1,1,1,4,1,7,1,8,1
13_JB,28,0,51,26/08/2013,10:35:59 am,horizontal,weak,0,5,1.0,0,1,1,1,3,1,7,1,8,1
13_JB,28,0,52,26/08/2013,10:36:19 am,horizontal,weak,0,5,1.0,0,1,1,1,3,1,4,1,9,1
13_JB,28,0,53,26/08/2013,10:36:38 am,vertical,strong,0,5,1.0,0,1,2,1,3,1,4,1,9,1
13_JB,28,0,54,26/08/2013,10:36:59 am,vertical,strong,2,3,0.6,0,1,2,1,5,0,7,1,8,0
13_JB,28,0,55,26/08/2013,10:37:18 am,horizontal,weak,0,5,1.0,0,1,1,1,2,1,3,1,6,1
13_JB,28,0,56,26/08/2013,10:37:38 am,vertical,strong,2,3,0.6,2,0,3,1,4,0,5,1,8,1
13_JB,28,0,57,26/08/2013,10:37:57 am,horizontal,weak,1,4,0.8,0,1,1,1,4,1,5,1,7,0
13_JB,28,0,58,26/08/2013,10:38:18 am,vertical,strong,0,5,1.0,0,1,1,1,4,1,5,1,8,1
13_JB,28,0,59,26/08/2013,10:38:40 am,horizontal,weak,0,5,1.0,0,1,2,1,3,1,5,1,6,1
14_KH,46,1,0,26/08/2013,12:18:21 pm,vertical,strong,1,4,0.8,0,1,1,0,2,1,4,1,5,1
14_KH,46,1,1,26/08/2013,12:18:42 pm,horizontal,weak,0,5,1.0,0,1,2,1,4,1,5,1,7,1
14_KH,46,1,2,26/08/2013,12:19:07 pm,vertical,strong,2,3,0.6,0,1,1,1,4,1,7,0,9,0
14_KH,46,1,3,26/08/2013,12:19:31 pm,horizontal,weak,0,5,1.0,0,1,1,1,2,1,4,1,5,1
14_KH,46,1,4,26/08/2013,12:19:57 pm,horizontal,weak,1,4,0.8,0,1,1,1,2,1,6,1,8,0
14_KH,46,1,5,26/08/2013,12:20:19 pm,horizontal,weak,2,3,0.6,0,1,1,1,4,1,8,0,9,0
14_KH,46,1,6,26/08/2013,12:20:47 pm,horizontal,weak,0,5,1.0,0,1,1,1,3,1,6,1,9,1
14_KH,46,1,7,26/08/2013,12:21:10 pm,horizontal,weak,1,4,0.8,0,1,1,1,2,1,3,0,5,1
14_KH,46,1,8,26/08/2013,12:21:33 pm,vertical,strong,0,5,1.0,0,1,1,1,2,1,3,1,9,1
14_KH,46,1,9,26/08/2013,12:21:56 pm,horizontal,weak,0,5,1.0,0,1,1,1,4,1,5,1,7,1
14_KH,46,1,10,26/08/2013,12:22:20 pm,vertical,strong,1,4,0.8,0,1,2,1,3,1,6,0,9,1
14_KH,46,1,11,26/08/2013,12:22:44 pm,horizontal,weak,0,5,1.0,0,1,1,1,2,1,3,1,7,1
14_KH,46,1,12,26/08/2013,12:23:07 pm,vertical,strong,1,4,0.8,1,1,2,0,5,1,6,1,7,1
14_KH,46,1,13,26/08/2013,12:23:30 pm,vertical,strong,1,4,0.8,1,0,2,1,3,1,6,1,7,1
14_KH,46,1,14,26/08/2013,12:23:52 pm,vertical,strong,2,3,0.6,0,1,3,1,4,0,5,0,8,1
14_KH,46,1,15,26/08/2013,12:24:14 pm,horizontal,weak,1,4,0.8,0,1,1,1,2,1,3,1,5,0
14_KH,46,1,16,26/08/2013,12:24:37 pm,vertical,strong,1,4,0.8,0,1,3,1,5,1,7,1,9,0
14_KH,46,1,17,26/08/2013,12:25:00 pm,vertical,strong,2,3,0.6,0,1,1,1,4,1,5,0,9,0
14_KH,46,1,18,26/08/2013,12:25:23 pm,horizontal,weak,0,5,1.0,0,1,1,1,2,1,3,1,5,1
14_KH,46,1,19,26/08/2013,12:25:45 pm,horizontal,weak,1,4,0.8,0,1,1,1,4,1,6,0,7,1
14_KH,46,1,20,26/08/2013,12:26:11 pm,vertical,strong,1,4,0.8,2,1,3,1,4,1,6,0,9,1
14_KH,46,1,21,26/08/2013,12:26:34 pm,vertical,strong,1,4,0.8,1,1,2,1,4,1,5,1,8,0
14_KH,46,1,22,26/08/2013,12:26:56 pm,horizontal,weak,1,4,0.8,0,1,2,1,4,0,5,1,7,1
14_KH,46,1,23,26/08/2013,12:27:21 pm,vertical,strong,1,4,0.8,0,1,3,1,4,1,6,1,7,0
14_KH,46,1,24,26/08/2013,12:27:46 pm,horizontal,weak,1,4,0.8,2,1,4,1,5,1,6,0,8,1
14_KH,46,1,25,26/08/2013,12:28:08 pm,horizontal,weak,1,4,0.8,0,1,2,1,3,1,5,1,6,0
14_KH,46,1,26,26/08/2013,12:28:32 pm,vertical,strong,2,3,0.6,2,1,3,0,5,1,8,0,9,1
14_KH,46,1,27,26/08/2013,12:28:54 pm,horizontal,weak,1,4,0.8,0,1,1,1,2,1,4,1,5,0
14_KH,46,1,28,26/08/2013,12:29:16 pm,horizontal,weak,0,5,1.0,0,1,1,1,3,1,6,1,8,1
14_KH,46,1,29,26/08/2013,12:29:41 pm,vertical,strong,1,4,0.8,0,1,3,0,5,1,7,1,8,1
14_KH,46,1,30,26/08/2013,12:30:06 pm,vertical,strong,2,3,0.6,1,1,3,0,4,1,5,0,9,1
14_KH,46,1,31,26/08/2013,12:30:30 pm,vertical,strong,0,5,1.0,0,1,2,1,3,1,4,1,7,1
14_KH,46,1,32,26/08/2013,12:30:52 pm,vertical,strong,3,2,0.4,1,0,2,1,5,0,7,1,9,0
14_KH,46,1,33,26/08/2013,12:31:16 pm,vertical,strong,0,5,1.0,0,1,1,1,2,1,7,1,9,1
14_KH,46,1,34,26/08/2013,12:31:39 pm,horizontal,weak,0,5,1.0,0,1,2,1,3,1,5,1,8,1
14_KH,46,1,35,26/08/2013,12:32:02 pm,horizontal,weak,1,4,0.8,0,1,3,1,4,1,5,0,6,1
14_KH,46,1,36,26/08/2013,12:32:26 pm,vertical,strong,2,3,0.6,0,1,2,1,4,1,5,0,6,0
14_KH,46,1,37,26/08/2013,12:32:49 pm,vertical,strong,0,5,1.0,0,1,1,1,2,1,4,1,5,1
14_KH,46,1,38,26/08/2013,12:33:14 pm,horizontal,weak,1,4,0.8,0,1,2,1,3,0,4,1,7,1
14_KH,46,1,39,26/08/2013,12:33:38 pm,horizontal,weak,0,5,1.0,0,1,1,1,2,1,3,1,7,1
14_KH,46,1,40,26/08/2013,12:34:01 pm,horizontal,weak,1,4,0.8,1,1,2,1,4,1,5,0,7,1
14_KH,46,1,41,26/08/2013,12:34:23 pm,horizontal,weak,2,3,0.6,0,1,2,1,4,1,5,0,8,0
14_KH,46,1,42,26/08/2013,12:34:50 pm,horizontal,weak,2,3,0.6,0,1,2,1,4,0,8,0,9,1
14_KH,46,1,43,26/08/2013,12:35:11 pm,horizontal,weak,0,5,1.0,0,1,1,1,3,1,6,1,7,1
14_KH,46,1,44,26/08/2013,12:35:36 pm,vertical,strong,2,3,0.6,0,1,3,1,4,0,6,0,7,1
14_KH,46,1,45,26/08/2013,12:35:59 pm,horizontal,weak,1,4,0.8,0,1,1,1,3,1,4,1,6,0
14_KH,46,1,46,26/08/2013,12:36:23 pm,vertical,strong,1,4,0.8,0,1,2,1,3,0,5,1,7,1
14_KH,46,1,47,26/08/2013,12:36:45 pm,horizontal,weak,3,2,0.4,2,0,3,1,4,0,6,0,8,1
14_KH,46,1,48,26/08/2013,12:37:07 pm,vertical,strong,0,5,1.0,0,1,1,1,2,1,4,1,5,1
14_KH,46,1,49,26/08/2013,12:37:29 pm,vertical,strong,0,5,1.0,0,1,1,1,2,1,4,1,5,1
14_KH,46,1,50,26/08/2013,12:37:52 pm,vertical,strong,1,4,0.8,0,1,1,1,2,1,4,0,7,1
14_KH,46,1,51,26/08/2013,12:38:15 pm,vertical,strong,1,4,0.8,0,1,3,1,5,0,6,1,9,1
14_KH,46,1,52,26/08/2013,12:38:40 pm,horizontal,weak,1,4,0.8,0,1,1,1,4,0,5,1,6,1
14_KH,46,1,53,26/08/2013,12:39:04 pm,vertical,strong,1,4,0.8,1,0,3,1,6,1,7,1,8,1
14_KH,46,1,54,26/08/2013,12:39:26 pm,horizontal,weak,1,4,0.8,1,1,2,0,3,1,5,1,6,1
14_KH,46,1,55,26/08/2013,12:39:48 pm,vertical,strong,0,5,1.0,0,1,1,1,2,1,3,1,5,1
14_KH,46,1,56,26/08/2013,12:40:10 pm,vertical,strong,0,5,1.0,0,1,1,1,2,1,3,1,9,1
14_KH,46,1,57,26/08/2013,12:40:31 pm,horizontal,weak,0,5,1.0,0,1,1,1,2,1,3,1,4,1
14_KH,46,1,58,26/08/2013,12:40:54 pm,vertical,strong,2,3,0.6,1,1,4,0,5,1,6,1,7,0
14_KH,46,1,59,26/08/2013,12:41:18 pm,horizontal,weak,1,4,0.8,1,1,2,1,3,0,4,1,9,1
15_ZD,20,1,0,27/08/2013,10:14:51 am,horizontal,weak,1,4,0.8,2,1,4,1,6,1,7,1,8,0
15_ZD,20,1,1,27/08/2013,10:15:16 am,horizontal,weak,3,2,0.4,2,1,3,1,5,0,6,0,9,0
15_ZD,20,1,2,27/08/2013,10:15:42 am,vertical,strong,0,5,1.0,0,1,1,1,2,1,4,1,7,1
15_ZD,20,1,3,27/08/2013,10:16:05 am,horizontal,weak,0,5,1.0,0,1,2,1,3,1,4,1,5,1
15_ZD,20,1,4,27/08/2013,10:16:33 am,vertical,strong,2,3,0.6,0,1,1,1,3,1,4,0,6,0
15_ZD,20,1,5,27/08/2013,10:16:57 am,vertical,strong,2,3,0.6,0,1,1,1,2,1,4,0,6,0
15_ZD,20,1,6,27/08/2013,10:17:22 am,vertical,strong,3,2,0.4,0,1,2,1,3,0,8,0,9,0
15_ZD,20,1,7,27/08/2013,10:17:47 am,vertical,strong,1,4,0.8,0,1,1,1,3,1,6,1,7,0
15_ZD,20,1,8,27/08/2013,10:18:16 am,horizontal,weak,3,2,0.4,0,1,3,0,4,0,5,1,7,0
15_ZD,20,1,9,27/08/2013,10:18:40 am,horizontal,weak,1,4,0.8,1,1,3,1,4,1,5,0,7,1
15_ZD,20,1,10,27/08/2013,10:19:03 am,horizontal,weak,2,3,0.6,1,1,2,0,3,1,4,1,5,0
15_ZD,20,1,11,27/08/2013,10:19:26 am,vertical,strong,3,2,0.4,2,0,3,1,5,0,8,0,9,1
15_ZD,20,1,12,27/08/2013,10:19:50 am,vertical,strong,1,4,0.8,0,1,2,1,4,1,5,0,7,1
15_ZD,20,1,13,27/08/2013,10:20:12 am,vertical,strong,1,4,0.8,0,1,1,1,4,1,5,0,6,1
15_ZD,20,1,14,27/08/2013,10:20:35 am,vertical,strong,1,4,0.8,0,1,1,1,4,1,5,0,6,1
15_ZD,20,1,15,27/08/2013,10:20:58 am,horizontal,weak,2,3,0.6,1,1,4,1,5,1,6,0,8,0
15_ZD,20,1,16,27/08/2013,10:21:21 am,vertical,strong,1,4,0.8,1,1,2,1,4,1,5,0,9,1
15_ZD,20,1,17,27/08/2013,10:21:46 am,horizontal,weak,2,3,0.6,0,1,1,1,2,1,4,0,6,0
15_ZD,20,1,18,27/08/2013,10:22:12 am,horizontal,weak,3,2,0.4,1,1,2,1,5,0,6,0,9,0
15_ZD,20,1,19,27/08/2013,10:22:34 am,horizontal,weak,0,5,1.0,0,1,1,1,3,1,4,1,5,1
15_ZD,20,1,20,27/08/2013,10:23:23 am,vertical,strong,1,4,0.8,0,1,2,1,4,1,6,1,8,0
15_ZD,20,1,21,27/08/2013,10:23:48 am,horizontal,weak,2,3,0.6,0,1,2,1,4,0,6,0,8,1
15_ZD,20,1,22,27/08/2013,10:24:12 am,vertical,strong,3,2,0.4,0,1,3,0,5,0,7,1,8,0
15_ZD,20,1,23,27/08/2013,10:24:37 am,horizontal,weak,1,4,0.8,0,1,1,1,2,1,3,1,4,0
15_ZD,20,1,24,27/08/2013,10:25:00 am,vertical,strong,1,4,0.8,2,1,3,1,4,1,5,1,9,0
15_ZD,20,1,25,27/08/2013,10:25:23 am,vertical,strong,0,5,1.0,0,1,1,1,2,1,4,1,9,1
15_ZD,20,1,26,27/08/2013,10:25:46 am,horizontal,weak,2,3,0.6,0,1,1,1,3,1,4,0,6,0
15_ZD,20,1,27,27/08/2013,10:26:14 am,vertical,strong,1,4,0.8,0,1,2,0,4,1,5,1,6,1
15_ZD,20,1,28,27/08/2013,10:26:37 am,vertical,strong,3,2,0.4,1,0,2,1,6,1,7,0,9,0
15_ZD,20,1,29,27/08/2013,10:27:00 am,horizontal,weak,2,3,0.6,0,1,1,1,6,0,7,0,8,1
15_ZD,20,1,30,27/08/2013,10:27:22 am,vertical,strong,2,3,0.6,0,1,1,1,3,1,6,0,7,0
15_ZD,20,1,31,27/08/2013,10:27:44 am,horizontal,weak,1,4,0.8,0,1,2,1,3,1,5,1,7,0
15_ZD,20,1,32,27/08/2013,10:28:07 am,horizontal,weak,1,4,0.8,1,1,2,1,4,1,5,0,6,1
15_ZD,20,1,33,27/08/2013,10:28:29 am,vertical,strong,0,5,1.0,0,1,1,1,3,1,5,1,8,1
15_ZD,20,1,34,27/08/2013,10:28:52 am,horizontal,weak,2,3,0.6,1,1,2,1,4,0,6,1,7,0
15_ZD,20,1,35,27/08/2013,10:29:17 am,horizontal,weak,2,3,0.6,0,1,4,0,5,0,6,1,8,1
15_ZD,20,1,36,27/08/2013,10:29:40 am,vertical,strong,2,3,0.6,0,1,1,1,2,0,4,0,6,1
15_ZD,20,1,37,27/08/2013,10:30:04 am,vertical,strong,1,4,0.8,1,1,2,1,3,1,5,1,9,0
15_ZD,20,1,38,27/08/2013,10:30:26 am,vertical,strong,1,4,0.8,0,1,1,1,3,1,4,1,5,0
15_ZD,20,1,39,27/08/2013,10:30:49 am,vertical,strong,3,2,0.4,3,0,4,1,5,1,7,0,9,0
15_ZD,20,1,40,27/08/2013,10:31:11 am,vertical,strong,2,3,0.6,2,1,3,1,5,0,8,1,9,0
15_ZD,20,1,41,27/08/2013,10:31:55 am,horizontal,weak,1,4,0.8,0,1,1,1,3,1,5,1,8,0
15_ZD,20,1,42,27/08/2013,10:32:18 am,vertical,strong,2,3,0.6,2,1,3,1,5,0,6,0,9,1
15_ZD,20,1,43,27/08/2013,10:32:42 am,vertical,strong,1,4,0.8,0,1,2,1,3,1,6,1,8,0
15_ZD,20,1,44,27/08/2013,10:33:05 am,vertical,strong,2,3,0.6,0,1,2,1,4,1,7,0,8,0
15_ZD,20,1,45,27/08/2013,10:33:29 am,vertical,strong,2,3,0.6,2,0,4,0,5,1,6,1,9,1
15_ZD,20,1,46,27/08/2013,10:33:51 am,vertical,strong,1,4,0.8,1,1,3,0,4,1,7,1,9,1
15_ZD,20,1,47,27/08/2013,10:34:15 am,horizontal,weak,2,3,0.6,0,1,2,0,3,1,6,0,7,1
15_ZD,20,1,48,27/08/2013,10:34:39 am,horizontal,weak,2,3,0.6,0,1,1,1,2,0,3,0,5,1
15_ZD,20,1,49,27/08/2013,10:35:03 am,horizontal,weak,1,4,0.8,0,1,1,1,2,1,4,0,6,1
15_ZD,20,1,50,27/08/2013,10:35:25 am,horizontal,weak,1,4,0.8,0,1,2,1,3,1,7,0,9,1
15_ZD,20,1,51,27/08/2013,10:35:47 am,horizontal,weak,1,4,0.8,0,1,4,1,5,1,8,0,9,1
15_ZD,20,1,52,27/08/2013,10:36:10 am,horizontal,weak,1,4,0.8,0,1,3,1,4,0,6,1,7,1
15_ZD,20,1,53,27/08/2013,10:36:32 am,horizontal,weak,2,3,0.6,1,1,2,1,3,1,4,0,5,0
15_ZD,20,1,54,27/08/2013,10:36:54 am,horizontal,weak,2,3,0.6,0,1,1,1,2,1,4,0,6,0
15_ZD,20,1,55,27/08/2013,10:37:17 am,vertical,strong,3,2,0.4,2,1,4,1,7,0,8,0,9,0
15_ZD,20,1,56,27/08/2013,10:37:40 am,horizontal,weak,2,3,0.6,0,1,1,1,5,0,7,1,9,0
15_ZD,20,1,57,27/08/2013,10:38:02 am,horizontal,weak,1,4,0.8,0,1,2,1,3,1,4,1,5,0
15_ZD,20,1,58,27/08/2013,10:38:25 am,horizontal,weak,1,4,0.8,0,1,1,1,2,0,3,1,5,1
15_ZD,20,1,59,27/08/2013,10:38:50 am,vertical,strong,2,3,0.6,0,1,1,1,2,0,5,1,9,0
16_EH,24,1,0,27/08/2013,05:12:08 pm,horizontal,weak,2,3,0.6,1,1,2,1,3,1,5,0,9,0
16_EH,24,1,1,27/08/2013,05:12:31 pm,horizontal,weak,2,3,0.6,0,1,2,0,3,1,5,1,8,0
16_EH,24,1,2,27/08/2013,05:12:55 pm,horizontal,weak,0,5,1.0,0,1,1,1,3,1,4,1,7,1
16_EH,24,1,3,27/08/2013,05:13:19 pm,vertical,strong,1,4,0.8,0,1,1,1,3,1,4,1,6,0
16_EH,24,1,4,27/08/2013,05:13:43 pm,horizontal,weak,0,5,1.0,0,1,2,1,3,1,5,1,8,1
16_EH,24,1,5,27/08/2013,05:14:07 pm,vertical,strong,1,4,0.8,0,1,1,0,3,1,4,1,7,1
16_EH,24,1,6,27/08/2013,05:14:31 pm,vertical,strong,1,4,0.8,0,1,1,1,2,1,7,0,9,1
16_EH,24,1,7,27/08/2013,05:14:54 pm,horizontal,weak,2,3,0.6,0,1,1,1,3,0,4,1,8,0
16_EH,24,1,8,27/08/2013,05:15:17 pm,vertical,strong,2,3,0.6,0,1,4,0,6,1,8,1,9,0
16_EH,24,1,9,27/08/2013,05:15:42 pm,horizontal,weak,1,4,0.8,1,0,2,1,3,1,4,1,6,1
16_EH,24,1,10,27/08/2013,05:16:05 pm,horizontal,weak,0,5,1.0,0,1,1,1,2,1,3,1,7,1
16_EH,24,1,11,27/08/2013,05:16:30 pm,horizontal,weak,2,3,0.6,3,1,4,1,6,1,7,0,9,0
16_EH,24,1,12,27/08/2013,05:16:53 pm,horizontal,weak,1,4,0.8,1,0,2,1,3,1,4,1,6,1
16_EH,24,1,13,27/08/2013,05:17:16 pm,horizontal,weak,2,3,0.6,0,1,2,1,5,0,7,0,8,1
16_EH,24,1,14,27/08/2013,05:17:40 pm,vertical,strong,1,4,0.8,0,1,2,1,4,1,6,1,9,0
16_EH,24,1,15,27/08/2013,05:18:03 pm,horizontal,weak,2,3,0.6,1,1,2,1,4,0,5,1,7,0
16_EH,24,1,16,27/08/2013,05:18:25 pm,vertical,strong,2,3,0.6,2,1,3,0,4,1,7,1,9,0
16_EH,24,1,17,27/08/2013,05:18:49 pm,horizontal,weak,1,4,0.8,0,1,1,1,2,1,5,1,9,0
16_EH,24,1,18,27/08/2013,05:19:13 pm,horizontal,weak,2,3,0.6,0,1,4,1,5,1,6,0,7,0
16_EH,24,1,19,27/08/2013,05:20:12 pm,vertical,strong,2,3,0.6,1,1,2,1,4,0,6,0,7,1
16_EH,24,1,20,27/08/2013,05:20:39 pm,vertical,strong,3,2,0.4,1,1,2,1,5,0,6,0,8,0
16_EH,24,1,21,27/08/2013,05:21:02 pm,vertical,strong,1,4,0.8,1,1,2,1,3,1,5,0,6,1
16_EH,24,1,22,27/08/2013,05:21:26 pm,vertical,strong,1,4,0.8,0,1,4,1,5,1,7,1,8,0
16_EH,24,1,23,27/08/2013,05:21:48 pm,horizontal,weak,2,3,0.6,0,1,1,1,4,1,5,0,8,0
16_EH,24,1,24,27/08/2013,05:22:11 pm,vertical,strong,0,5,1.0,0,1,1,1,2,1,4,1,6,1
16_EH,24,1,25,27/08/2013,05:22:33 pm,vertical,strong,2,3,0.6,1,1,4,0,6,1,7,0,9,1
16_EH,24,1,26,27/08/2013,05:22:56 pm,horizontal,weak,1,4,0.8,0,1,1,1,5,0,7,1,9,1
16_EH,24,1,27,27/08/2013,05:23:18 pm,vertical,strong,0,5,1.0,0,1,2,1,4,1,5,1,6,1
16_EH,24,1,28,27/08/2013,05:23:42 pm,horizontal,weak,3,2,0.4,3,1,5,1,7,0,8,0,9,0
16_EH,24,1,29,27/08/2013,05:24:07 pm,horizontal,weak,2,3,0.6,1,1,3,1,6,0,8,0,9,1
16_EH,24,1,30,27/08/2013,05:24:31 pm,horizontal,weak,2,3,0.6,1,1,2,1,3,0,5,1,8,0
16_EH,24,1,31,27/08/2013,05:24:54 pm,vertical,strong,2,3,0.6,1,1,2,1,3,0,5,1,6,0
16_EH,24,1,32,27/08/2013,05:25:18 pm,vertical,strong,1,4,0.8,0,1,1,1,3,0,6,1,9,1
16_EH,24,1,33,27/08/2013,05:25:41 pm,vertical,strong,1,4,0.8,0,1,1,1,2,1,8,0,9,1
16_EH,24,1,34,27/08/2013,05:26:05 pm,horizontal,weak,1,4,0.8,0,1,1,1,3,1,8,1,9,0
16_EH,24,1,35,27/08/2013,05:26:28 pm,horizontal,weak,1,4,0.8,0,1,1,1,2,1,5,1,8,0
16_EH,24,1,36,27/08/2013,05:26:51 pm,vertical,strong,1,4,0.8,0,1,1,1,4,0,6,1,9,1
16_EH,24,1,37,27/08/2013,05:27:14 pm,vertical,strong,4,1,0.2,1,1,2,0,6,0,8,0,9,0
16_EH,24,1,38,27/08/2013,05:27:37 pm,vertical,strong,0,5,1.0,0,1,1,1,3,1,4,1,5,1
16_EH,24,1,39,27/08/2013,05:27:59 pm,horizontal,weak,1,4,0.8,0,1,1,0,2,1,4,1,6,1
16_EH,24,1,40,27/08/2013,05:28:22 pm,vertical,strong,1,4,0.8,1,1,2,1,4,1,7,0,8,1
16_EH,24,1,41,27/08/2013,05:28:44 pm,horizontal,weak,0,5,1.0,0,1,1,1,3,1,6,1,7,1
16_EH,24,1,42,27/08/2013,05:29:06 pm,vertical,strong,2,3,0.6,0,1,2,0,3,1,6,0,7,1
16_EH,24,1,43,27/08/2013,05:29:39 pm,horizontal,weak,0,5,1.0,0,1,2,1,3,1,4,1,6,1
16_EH,24,1,44,27/08/2013,05:30:03 pm,horizontal,weak,2,3,0.6,1,1,2,1,5,1,8,0,9,0
16_EH,24,1,45,27/08/2013,05:30:25 pm,horizontal,weak,2,3,0.6,1,1,2,0,5,1,7,1,9,0
16_EH,24,1,46,27/08/2013,05:30:48 pm,vertical,strong,1,4,0.8,2,1,4,1,5,0,6,1,7,1
16_EH,24,1,47,27/08/2013,05:31:11 pm,horizontal,weak,1,4,0.8,0,1,1,1,2,1,3,0,9,1
16_EH,24,1,48,27/08/2013,05:31:33 pm,vertical,strong,1,4,0.8,0,1,2,1,4,1,6,0,7,1
16_EH,24,1,49,27/08/2013,05:31:55 pm,horizontal,weak,1,4,0.8,1,1,2,1,3,1,5,0,7,1
16_EH,24,1,50,27/08/2013,05:32:17 pm,vertical,strong,0,5,1.0,0,1,1,1,3,1,5,1,6,1
16_EH,24,1,51,27/08/2013,05:32:39 pm,vertical,strong,3,2,0.4,1,1,2,0,3,1,7,0,8,0
16_EH,24,1,52,27/08/2013,05:33:02 pm,vertical,strong,1,4,0.8,0,1,1,1,2,1,5,1,9,0
16_EH,24,1,53,27/08/2013,05:33:23 pm,vertical,strong,3,2,0.4,0,1,2,1,3,0,5,0,8,0
16_EH,24,1,54,27/08/2013,05:33:45 pm,horizontal,weak,1,4,0.8,0,1,3,1,5,1,6,1,8,0
16_EH,24,1,55,27/08/2013,05:34:07 pm,horizontal,weak,2,3,0.6,0,1,3,1,6,0,7,0,9,1
16_EH,24,1,56,27/08/2013,05:34:30 pm,horizontal,weak,2,3,0.6,1,0,2,1,4,1,5,1,9,0
16_EH,24,1,57,27/08/2013,05:34:51 pm,vertical,strong,3,2,0.4,1,1,4,0,5,0,7,0,8,1
16_EH,24,1,58,27/08/2013,05:35:12 pm,vertical,strong,2,3,0.6,0,1,1,0,2,1,3,1,9,0
16_EH,24,1,59,27/08/2013,05:35:34 pm,vertical,strong,0,5,1.0,0,1,1,1,3,1,4,1,5,1
17_GS,22,0,0,28/08/2013,09:15:59 am,vertical,strong,1,4,0.8,0,1,1,1,3,0,6,1,9,1
17_GS,22,0,1,28/08/2013,09:16:24 am,horizontal,weak,0,5,1.0,0,1,1,1,2,1,4,1,7,1
17_GS,22,0,2,28/08/2013,09:16:49 am,horizontal,weak,0,5,1.0,0,1,1,1,3,1,4,1,7,1
17_GS,22,0,3,28/08/2013,09:17:12 am,horizontal,weak,1,4,0.8,0,1,1,1,2,1,3,0,7,1
17_GS,22,0,4,28/08/2013,09:17:35 am,vertical,strong,0,5,1.0,0,1,1,1,2,1,3,1,7,1
17_GS,22,0,5,28/08/2013,09:17:59 am,horizontal,weak,1,4,0.8,1,1,2,1,4,1,6,0,9,1
17_GS,22,0,6,28/08/2013,09:18:24 am,horizontal,weak,0,5,1.0,0,1,2,1,3,1,5,1,6,1
17_GS,22,0,7,28/08/2013,09:18:46 am,vertical,strong,0,5,1.0,0,1,1,1,2,1,5,1,7,1
17_GS,22,0,8,28/08/2013,09:19:08 am,horizontal,weak,0,5,1.0,0,1,1,1,2,1,3,1,4,1
17_GS,22,0,9,28/08/2013,09:19:30 am,horizontal,weak,0,5,1.0,0,1,1,1,2,1,3,1,5,1
17_GS,22,0,10,28/08/2013,09:19:54 am,horizontal,weak,0,5,1.0,0,1,2,1,3,1,4,1,8,1
17_GS,22,0,11,28/08/2013,09:20:18 am,vertical,strong,0,5,1.0,0,1,1,1,2,1,4,1,8,1
17_GS,22,0,12,28/08/2013,09:20:40 am,vertical,strong,1,4,0.8,0,1,1,1,3,0,4,1,6,1
17_GS,22,0,13,28/08/2013,09:21:02 am,horizontal,weak,0,5,1.0,0,1,2,1,3,1,4,1,9,1
17_GS,22,0,14,28/08/2013,09:21:24 am,vertical,strong,0,5,1.0,0,1,1,1,3,1,4,1,5,1
17_GS,22,0,15,28/08/2013,09:21:46 am,vertical,strong,1,4,0.8,0,1,1,1,2,0,3,1,4,1
17_GS,22,0,16,28/08/2013,09:22:07 am,horizontal,weak,1,4,0.8,0,1,3,1,7,1,8,0,9,1
17_GS,22,0,17,28/08/2013,09:22:30 am,horizontal,weak,1,4,0.8,1,1,2,1,5,1,8,1,9,0
17_GS,22,0,18,28/08/2013,09:22:53 am,vertical,strong,0,5,1.0,0,1,1,1,3,1,5,1,8,1
17_GS,22,0,19,28/08/2013,09:24:23 am,horizontal,weak,0,5,1.0,0,1,2,1,3,1,6,1,9,1
17_GS,22,0,20,28/08/2013,09:24:50 am,vertical,strong,0,5,1.0,0,1,1,1,3,1,4,1,5,1
17_GS,22,0,21,28/08/2013,09:25:14 am,horizontal,weak,0,5,1.0,0,1,1,1,2,1,4,1,7,1
17_GS,22,0,22,28/08/2013,09:25:39 am,horizontal,weak,0,5,1.0,0,1,1,1,2,1,3,1,5,1
17_GS,22,0,23,28/08/2013,09:26:04 am,horizontal,weak,0,5,1.0,0,1,1,1,2,1,3,1,5,1
17_GS,22,0,24,28/08/2013,09:26:27 am,horizontal,weak,1,4,0.8,0,1,1,1,2,1,5,1,9,0
17_GS,22,0,25,28/08/2013,09:26:53 am,vertical,strong,1,4,0.8,0,1,3,1,4,1,6,0,8,1
17_GS,22,0,26,28/08/2013,09:27:16 am,vertical,strong,0,5,1.0,0,1,3,1,4,1,5,1,9,1
17_GS,22,0,27,28/08/2013,09:27:41 am,horizontal,weak,1,4,0.8,0,1,1,1,2,1,4,1,6,0
17_GS,22,0,28,28/08/2013,09:28:06 am,vertical,strong,0,5,1.0,0,1,1,1,2,1,4,1,9,1
17_GS,22,0,29,28/08/2013,09:28:31 am,horizontal,weak,1,4,0.8,0,1,1,1,2,1,5,1,8,0
17_GS,22,0,30,28/08/2013,09:28:54 am,horizontal,weak,0,5,1.0,0,1,1,1,3,1,4,1,6,1
17_GS,22,0,31,28/08/2013,09:29:20 am,vertical,strong,1,4,0.8,2,1,3,1,5,1,7,0,9,1
17_GS,22,0,32,28/08/2013,09:29:42 am,vertical,strong,0,5,1.0,0,1,1,1,2,1,3,1,6,1
17_GS,22,0,33,28/08/2013,09:30:07 am,vertical,strong,0,5,1.0,0,1,1,1,2,1,6,1,9,1
17_GS,22,0,34,28/08/2013,09:30:35 am,vertical,strong,1,4,0.8,1,1,2,1,3,1,8,0,9,1
17_GS,22,0,35,28/08/2013,09:30:58 am,horizontal,weak,0,5,1.0,0,1,1,1,3,1,6,1,7,1
17_GS,22,0,36,28/08/2013,09:31:21 am,horizontal,weak,0,5,1.0,0,1,1,1,3,1,4,1,5,1
17_GS,22,0,37,28/08/2013,09:31:45 am,vertical,strong,2,3,0.6,0,1,3,1,5,0,8,1,9,0
17_GS,22,0,38,28/08/2013,09:32:07 am,vertical,strong,0,5,1.0,0,1,1,1,2,1,8,1,9,1
17_GS,22,0,39,28/08/2013,09:33:40 am,horizontal,weak,1,4,0.8,0,1,2,1,3,1,4,0,5,1
17_GS,22,0,40,28/08/2013,09:34:04 am,horizontal,weak,0,5,1.0,0,1,1,1,3,1,4,1,8,1
17_GS,22,0,41,28/08/2013,09:34:29 am,vertical,strong,0,5,1.0,0,1,1,1,4,1,5,1,7,1
17_GS,22,0,42,28/08/2013,09:34:52 am,horizontal,weak,1,4,0.8,2,1,3,1,4,1,6,1,8,0
17_GS,22,0,43,28/08/2013,09:35:15 am,vertical,strong,1,4,0.8,0,1,1,1,3,0,5,1,6,1
17_GS,22,0,44,28/08/2013,09:35:39 am,vertical,strong,0,5,1.0,0,1,1,1,2,1,3,1,9,1
17_GS,22,0,45,28/08/2013,09:36:02 am,horizontal,weak,1,4,0.8,0,1,2,1,6,1,7,0,9,1
17_GS,22,0,46,28/08/2013,09:36:25 am,vertical,strong,1,4,0.8,0,1,3,1,4,0,5,1,7,1
17_GS,22,0,47,28/08/2013,09:36:48 am,horizontal,weak,0,5,1.0,0,1,1,1,2,1,3,1,7,1
17_GS,22,0,48,28/08/2013,09:37:11 am,horizontal,weak,0,5,1.0,0,1,1,1,4,1,6,1,8,1
17_GS,22,0,49,28/08/2013,09:37:34 am,vertical,strong,1,4,0.8,0,1,2,1,4,1,5,0,8,1
17_GS,22,0,50,28/08/2013,09:37:56 am,vertical,strong,1,4,0.8,0,1,1,1,2,1,3,0,7,1
17_GS,22,0,51,28/08/2013,09:38:19 am,vertical,strong,0,5,1.0,0,1,1,1,2,1,4,1,8,1
17_GS,22,0,52,28/08/2013,09:38:42 am,vertical,strong,1,4,0.8,0,1,2,1,4,1,5,1,9,0
17_GS,22,0,53,28/08/2013,09:39:03 am,vertical,strong,0,5,1.0,0,1,2,1,3,1,4,1,6,1
17_GS,22,0,54,28/08/2013,09:39:25 am,horizontal,weak,1,4,0.8,0,1,1,1,2,1,3,1,7,0
17_GS,22,0,55,28/08/2013,09:39:46 am,horizontal,weak,0,5,1.0,0,1,1,1,2,1,4,1,9,1
17_GS,22,0,56,28/08/2013,09:40:08 am,vertical,strong,0,5,1.0,0,1,1,1,2,1,5,1,6,1
17_GS,22,0,57,28/08/2013,09:40:29 am,vertical,strong,1,4,0.8,0,1,2,1,4,0,6,1,8,1
17_GS,22,0,58,28/08/2013,09:40:50 am,horizontal,weak,0,5,1.0,0,1,2,1,3,1,5,1,7,1
17_GS,22,0,59,28/08/2013,09:41:11 am,vertical,strong,0,5,1.0,0,1,1,1,2,1,5,1,7,1
18_MD,23,1,0,28/08/2013,11:14:50 am,vertical,strong,1,4,0.8,0,1,1,1,3,1,5,1,6,0
18_MD,23,1,1,28/08/2013,11:15:13 am,vertical,strong,2,3,0.6,0,1,1,0,3,0,5,1,7,1
18_MD,23,1,2,28/08/2013,11:15:37 am,vertical,strong,1,4,0.8,0,1,1,1,2,1,5,1,8,0
18_MD,23,1,3,28/08/2013,11:16:01 am,vertical,strong,0,5,1.0,0,1,1,1,2,1,3,1,7,1
18_MD,23,1,4,28/08/2013,11:16:24 am,horizontal,weak,0,5,1.0,0,1,1,1,3,1,4,1,5,1
18_MD,23,1,5,28/08/2013,11:16:47 am,vertical,strong,0,5,1.0,0,1,1,1,4,1,6,1,9,1
18_MD,23,1,6,28/08/2013,11:17:10 am,vertical,strong,1,4,0.8,0,1,2,1,4,1,5,1,6,0
18_MD,23,1,7,28/08/2013,11:17:34 am,vertical,strong,0,5,1.0,0,1,1,1,3,1,5,1,6,1
18_MD,23,1,8,28/08/2013,11:17:57 am,horizontal,weak,0,5,1.0,0,1,1,1,2,1,5,1,8,1
18_MD,23,1,9,28/08/2013,11:18:19 am,horizontal,weak,0,5,1.0,0,1,2,1,3,1,4,1,8,1
18_MD,23,1,10,28/08/2013,11:18:42 am,vertical,strong,0,5,1.0,0,1,1,1,2,1,4,1,9,1
18_MD,23,1,11,28/08/2013,11:19:04 am,horizontal,weak,0,5,1.0,0,1,1,1,2,1,3,1,4,1
18_MD,23,1,12,28/08/2013,11:19:28 am,horizontal,weak,0,5,1.0,0,1,1,1,2,1,4,1,5,1
18_MD,23,1,13,28/08/2013,11:19:51 am,vertical,strong,1,4,0.8,0,1,2,1,3,1,4,1,9,0
18_MD,23,1,14,28/08/2013,11:20:14 am,vertical,strong,0,5,1.0,0,1,1,1,5,1,7,1,8,1
18_MD,23,1,15,28/08/2013,11:20:39 am,vertical,strong,0,5,1.0,0,1,1,1,2,1,3,1,6,1
18_MD,23,1,16,28/08/2013,11:21:03 am,vertical,strong,0,5,1.0,0,1,1,1,4,1,7,1,9,1
18_MD,23,1,17,28/08/2013,11:21:26 am,horizontal,weak,1,4,0.8,1,1,2,1,3,0,4,1,5,1
18_MD,23,1,18,28/08/2013,11:21:50 am,vertical,strong,0,5,1.0,0,1,1,1,5,1,6,1,8,1
18_MD,23,1,19,28/08/2013,11:23:11 am,vertical,strong,1,4,0.8,0,1,1,1,2,0,4,1,5,1
18_MD,23,1,20,28/08/2013,11:23:35 am,horizontal,weak,1,4,0.8,0,1,2,1,4,1,6,1,8,0
18_MD,23,1,21,28/08/2013,11:24:00 am,horizontal,weak,0,5,1.0,0,1,1,1,3,1,5,1,9,1
18_MD,23,1,22,28/08/2013,11:24:25 am,horizontal,weak,1,4,0.8,0,1,1,1,3,1,5,0,8,1
18_MD,23,1,23,28/08/2013,11:24:48 am,vertical,strong,1,4,0.8,0,1,3,1,4,1,7,1,9,0
18_MD,23,1,24,28/08/2013,11:25:11 am,horizontal,weak,0,5,1.0,0,1,2,1,3,1,6,1,9,1
18_MD,23,1,25,28/08/2013,11:25:34 am,vertical,strong,0,5,1.0,0,1,1,1,2,1,4,1,5,1
18_MD,23,1,26,28/08/2013,11:25:58 am,vertical,strong,1,4,0.8,2,1,3,1,4,1,5,0,9,1
18_MD,23,1,27,28/08/2013,11:26:21 am,vertical,strong,1,4,0.8,0,1,2,1,4,1,6,1,7,0
18_MD,23,1,28,28/08/2013,11:26:44 am,horizontal,weak,0,5,1.0,0,1,1,1,2,1,5,1,9,1
18_MD,23,1,29,28/08/2013,11:27:08 am,horizontal,weak,0,5,1.0,0,1,1,1,5,1,6,1,8,1
18_MD,23,1,30,28/08/2013,11:27:33 am,horizontal,weak,0,5,1.0,0,1,1,1,2,1,4,1,5,1
18_MD,23,1,31,28/08/2013,11:27:56 am,vertical,strong,1,4,0.8,0,1,1,1,2,1,3,1,7,0
18_MD,23,1,32,28/08/2013,11:28:19 am,horizontal,weak,1,4,0.8,0,1,2,1,4,0,5,1,6,1
18_MD,23,1,33,28/08/2013,11:28:43 am,vertical,strong,2,3,0.6,1,1,2,1,3,1,4,0,8,0
18_MD,23,1,34,28/08/2013,11:29:09 am,vertical,strong,2,3,0.6,0,1,1,1,3,1,4,0,8,0
18_MD,23,1,35,28/08/2013,11:29:31 am,vertical,strong,1,4,0.8,0,1,1,1,3,1,4,1,5,0
18_MD,23,1,36,28/08/2013,11:29:55 am,horizontal,weak,0,5,1.0,0,1,2,1,3,1,4,1,9,1
18_MD,23,1,37,28/08/2013,11:30:20 am,horizontal,weak,2,3,0.6,0,1,3,1,4,0,5,1,7,0
18_MD,23,1,38,28/08/2013,11:30:49 am,horizontal,weak,1,4,0.8,0,1,1,1,2,1,3,1,4,0
18_MD,23,1,39,28/08/2013,11:32:44 am,vertical,strong,1,4,0.8,0,1,1,1,3,1,4,1,7,0
18_MD,23,1,40,28/08/2013,11:33:09 am,horizontal,weak,1,4,0.8,1,1,2,1,4,1,5,1,6,0
18_MD,23,1,41,28/08/2013,11:33:32 am,vertical,strong,1,4,0.8,0,1,1,1,3,0,4,1,9,1
18_MD,23,1,42,28/08/2013,11:33:56 am,vertical,strong,2,3,0.6,0,1,2,0,6,0,8,1,9,1
18_MD,23,1,43,28/08/2013,11:34:19 am,horizontal,weak,1,4,0.8,0,1,1,1,2,1,3,0,7,1
18_MD,23,1,44,28/08/2013,11:34:43 am,horizontal,weak,0,5,1.0,0,1,2,1,5,1,6,1,8,1
18_MD,23,1,45,28/08/2013,11:35:06 am,horizontal,weak,2,3,0.6,0,1,1,1,3,0,6,1,8,0
18_MD,23,1,46,28/08/2013,11:35:28 am,vertical,strong,2,3,0.6,1,1,2,0,3,1,5,1,9,0
18_MD,23,1,47,28/08/2013,11:35:52 am,horizontal,weak,0,5,1.0,0,1,1,1,2,1,5,1,9,1
18_MD,23,1,48,28/08/2013,11:36:16 am,vertical,strong,0,5,1.0,0,1,1,1,2,1,3,1,4,1
18_MD,23,1,49,28/08/2013,11:36:40 am,horizontal,weak,0,5,1.0,0,1,1,1,2,1,4,1,9,1
18_MD,23,1,50,28/08/2013,11:37:03 am,vertical,strong,1,4,0.8,0,1,1,1,3,1,4,1,5,0
18_MD,23,1,51,28/08/2013,11:37:26 am,horizontal,weak,1,4,0.8,1,1,2,1,4,0,5,1,8,1
18_MD,23,1,52,28/08/2013,11:37:49 am,horizontal,weak,0,5,1.0,0,1,1,1,2,1,3,1,4,1
18_MD,23,1,53,28/08/2013,11:38:12 am,horizontal,weak,0,5,1.0,0,1,1,1,3,1,4,1,7,1
18_MD,23,1,54,28/08/2013,11:38:35 am,vertical,strong,0,5,1.0,0,1,1,1,3,1,5,1,7,1
18_MD,23,1,55,28/08/2013,11:38:58 am,horizontal,weak,1,4,0.8,0,1,1,0,2,1,3,1,6,1
18_MD,23,1,56,28/08/2013,11:39:21 am,horizontal,weak,0,5,1.0,0,1,1,1,2,1,5,1,8,1
18_MD,23,1,57,28/08/2013,11:39:47 am,horizontal,weak,1,4,0.8,0,1,3,1,4,1,6,1,9,0
18_MD,23,1,58,28/08/2013,11:40:12 am,vertical,strong,0,5,1.0,0,1,1,1,3,1,8,1,9,1
18_MD,23,1,59,28/08/2013,11:40:35 am,horizontal,weak,0,5,1.0,0,1,1,1,2,1,3,1,6,1
19_IL,21,1,0,28/08/2013,05:13:08 pm,vertical,strong,0,5,1.0,0,1,1,1,3,1,4,1,5,1
19_IL,21,1,1,28/08/2013,05:13:29 pm,vertical,strong,0,5,1.0,0,1,1,1,2,1,4,1,9,1
19_IL,21,1,2,28/08/2013,05:13:50 pm,horizontal,weak,1,4,0.8,0,1,3,1,4,0,5,1,6,1
19_IL,21,1,3,28/08/2013,05:14:11 pm,vertical,strong,0,5,1.0,0,1,1,1,4,1,5,1,7,1
19_IL,21,1,4,28/08/2013,05:14:32 pm,horizontal,weak,0,5,1.0,0,1,1,1,3,1,7,1,8,1
19_IL,21,1,5,28/08/2013,05:14:52 pm,horizontal,weak,0,5,1.0,0,1,1,1,2,1,5,1,6,1
19_IL,21,1,6,28/08/2013,05:15:13 pm,vertical,strong,1,4,0.8,1,1,2,1,3,1,5,1,6,0
19_IL,21,1,7,28/08/2013,05:15:32 pm,horizontal,weak,0,5,1.0,0,1,1,1,2,1,3,1,9,1
19_IL,21,1,8,28/08/2013,05:15:53 pm,vertical,strong,1,4,0.8,2,1,4,1,5,1,8,0,9,1
19_IL,21,1,9,28/08/2013,05:16:20 pm,horizontal,weak,0,5,1.0,0,1,1,1,2,1,3,1,5,1
19_IL,21,1,10,28/08/2013,05:16:40 pm,vertical,strong,0,5,1.0,0,1,1,1,4,1,8,1,9,1
19_IL,21,1,11,28/08/2013,05:17:02 pm,horizontal,weak,0,5,1.0,0,1,1,1,2,1,5,1,8,1
19_IL,21,1,12,28/08/2013,05:17:22 pm,vertical,strong,1,4,0.8,0,1,1,1,5,0,6,1,7,1
19_IL,21,1,13,28/08/2013,05:17:42 pm,horizontal,weak,1,4,0.8,1,1,2,1,3,1,5,0,6,1
19_IL,21,1,14,28/08/2013,05:18:02 pm,vertical,strong,2,3,0.6,0,1,1,1,3,1,5,0,6,0
19_IL,21,1,15,28/08/2013,05:18:22 pm,vertical,strong,0,5,1.0,0,1,1,1,2,1,4,1,8,1
19_IL,21,1,16,28/08/2013,05:18:42 pm,horizontal,weak,0,5,1.0,0,1,1,1,2,1,3,1,8,1
19_IL,21,1,17,28/08/2013,05:19:01 pm,horizontal,weak,0,5,1.0,0,1,1,1,3,1,6,1,7,1
19_IL,21,1,18,28/08/2013,05:19:23 pm,horizontal,weak,0,5,1.0,0,1,1,1,2,1,4,1,8,1
19_IL,21,1,19,28/08/2013,05:19:42 pm,vertical,strong,0,5,1.0,0,1,1,1,3,1,4,1,6,1
19_IL,21,1,20,28/08/2013,05:20:03 pm,horizontal,weak,0,5,1.0,0,1,1,1,2,1,3,1,4,1
19_IL,21,1,21,28/08/2013,05:22:22 pm,vertical,strong,0,5,1.0,0,1,1,1,2,1,3,1,6,1
19_IL,21,1,22,28/08/2013,05:22:41 pm,horizontal,weak,0,5,1.0,0,1,2,1,4,1,5,1,6,1
19_IL,21,1,23,28/08/2013,05:23:01 pm,horizontal,weak,0,5,1.0,0,1,1,1,2,1,4,1,6,1
19_IL,21,1,24,28/08/2013,05:23:20 pm,horizontal,weak,0,5,1.0,0,1,1,1,2,1,4,1,9,1
19_IL,21,1,25,28/08/2013,05:23:39 pm,horizontal,weak,0,5,1.0,0,1,1,1,2,1,4,1,5,1
19_IL,21,1,26,28/08/2013,05:24:00 pm,horizontal,weak,0,5,1.0,0,1,1,1,2,1,6,1,7,1
19_IL,21,1,27,28/08/2013,05:24:19 pm,vertical,strong,0,5,1.0,0,1,1,1,2,1,5,1,6,1
19_IL,21,1,28,28/08/2013,05:24:39 pm,horizontal,weak,0,5,1.0,0,1,1,1,3,1,4,1,6,1
19_IL,21,1,29,28/08/2013,05:24:58 pm,horizontal,weak,1,4,0.8,0,1,1,1,2,1,4,1,6,0
19_IL,21,1,30,28/08/2013,05:25:18 pm,horizontal,weak,0,5,1.0,0,1,1,1,2,1,3,1,4,1
19_IL,21,1,31,28/08/2013,05:25:39 pm,horizontal,weak,0,5,1.0,0,1,1,1,2,1,3,1,5,1
19_IL,21,1,32,28/08/2013,05:25:58 pm,vertical,strong,0,5,1.0,0,1,1,1,2,1,4,1,5,1
19_IL,21,1,33,28/08/2013,05:26:18 pm,horizontal,weak,0,5,1.0,0,1,1,1,2,1,4,1,8,1
19_IL,21,1,34,28/08/2013,05:26:38 pm,horizontal,weak,0,5,1.0,0,1,1,1,2,1,5,1,6,1
19_IL,21,1,35,28/08/2013,05:26:58 pm,vertical,strong,0,5,1.0,0,1,1,1,3,1,7,1,8,1
19_IL,21,1,36,28/08/2013,05:27:18 pm,vertical,strong,1,4,0.8,0,1,1,1,5,1,7,0,8,1
19_IL,21,1,37,28/08/2013,05:27:38 pm,vertical,strong,0,5,1.0,0,1,2,1,3,1,4,1,5,1
19_IL,21,1,38,28/08/2013,05:27:58 pm,vertical,strong,0,5,1.0,0,1,2,1,3,1,4,1,8,1
19_IL,21,1,39,28/08/2013,05:28:17 pm,vertical,strong,0,5,1.0,0,1,1,1,3,1,7,1,9,1
19_IL,21,1,40,28/08/2013,05:29:10 pm,horizontal,weak,0,5,1.0,0,1,1,1,4,1,6,1,9,1
19_IL,21,1,41,28/08/2013,05:29:29 pm,vertical,strong,0,5,1.0,0,1,1,1,2,1,3,1,4,1
19_IL,21,1,42,28/08/2013,05:29:49 pm,horizontal,weak,0,5,1.0,0,1,1,1,2,1,3,1,4,1
19_IL,21,1,43,28/08/2013,05:30:09 pm,vertical,strong,0,5,1.0,0,1,1,1,2,1,3,1,8,1
19_IL,21,1,44,28/08/2013,05:30:29 pm,vertical,strong,0,5,1.0,0,1,1,1,2,1,3,1,8,1
19_IL,21,1,45,28/08/2013,05:30:48 pm,vertical,strong,0,5,1.0,0,1,2,1,3,1,5,1,7,1
19_IL,21,1,46,28/08/2013,05:31:08 pm,vertical,strong,0,5,1.0,0,1,1,1,2,1,5,1,8,1
19_IL,21,1,47,28/08/2013,05:31:28 pm,vertical,strong,1,4,0.8,0,1,2,1,3,1,5,1,7,0
19_IL,21,1,48,28/08/2013,05:31:48 pm,horizontal,weak,0,5,1.0,0,1,2,1,3,1,5,1,7,1
19_IL,21,1,49,28/08/2013,05:32:07 pm,vertical,strong,2,3,0.6,0,1,1,1,3,1,4,0,7,0
19_IL,21,1,50,28/08/2013,05:32:26 pm,vertical,strong,0,5,1.0,0,1,1,1,3,1,4,1,6,1
19_IL,21,1,51,28/08/2013,05:32:46 pm,horizontal,weak,0,5,1.0,0,1,1,1,2,1,3,1,4,1
19_IL,21,1,52,28/08/2013,05:33:06 pm,horizontal,weak,0,5,1.0,0,1,1,1,2,1,3,1,7,1
19_IL,21,1,53,28/08/2013,05:33:25 pm,vertical,strong,0,5,1.0,0,1,1,1,2,1,5,1,6,1
19_IL,21,1,54,28/08/2013,05:33:45 pm,horizontal,weak,1,4,0.8,0,1,1,1,3,1,7,0,9,1
19_IL,21,1,55,28/08/2013,05:34:05 pm,horizontal,weak,0,5,1.0,0,1,1,1,2,1,3,1,6,1
19_IL,21,1,56,28/08/2013,05:34:25 pm,vertical,strong,0,5,1.0,0,1,1,1,4,1,6,1,8,1
19_IL,21,1,57,28/08/2013,05:34:45 pm,vertical,strong,0,5,1.0,0,1,1,1,2,1,3,1,9,1
19_IL,21,1,58,28/08/2013,05:35:04 pm,vertical,strong,0,5,1.0,0,1,1,1,2,1,5,1,7,1
19_IL,21,1,59,28/08/2013,05:35:23 pm,horizontal,weak,0,5,1.0,0,1,1,1,2,1,3,1,6,1
20_LV,22,1,0,29/08/2013,09:15:40 am,vertical,strong,0,5,1.0,0,1,1,1,2,1,3,1,5,1
20_LV,22,1,1,29/08/2013,09:16:03 am,horizontal,weak,0,5,1.0,0,1,1,1,3,1,5,1,7,1
20_LV,22,1,2,29/08/2013,09:16:25 am,vertical,strong,0,5,1.0,0,1,2,1,3,1,4,1,9,1
20_LV,22,1,3,29/08/2013,09:16:49 am,horizontal,weak,0,5,1.0,0,1,1,1,2,1,3,1,6,1
20_LV,22,1,4,29/08/2013,09:17:12 am,vertical,strong,1,4,0.8,0,1,1,1,2,1,7,0,8,1
20_LV,22,1,5,29/08/2013,09:17:35 am,vertical,strong,0,5,1.0,0,1,1,1,4,1,8,1,9,1
20_LV,22,1,6,29/08/2013,09:17:59 am,horizontal,weak,0,5,1.0,0,1,1,1,4,1,5,1,9,1
20_LV,22,1,7,29/08/2013,09:18:20 am,horizontal,weak,1,4,0.8,0,1,1,1,2,1,4,0,5,1
20_LV,22,1,8,29/08/2013,09:18:43 am,horizontal,weak,0,5,1.0,0,1,1,1,4,1,5,1,6,1
20_LV,22,1,9,29/08/2013,09:19:05 am,horizontal,weak,0,5,1.0,0,1,1,1,2,1,4,1,8,1
20_LV,22,1,10,29/08/2013,09:19:27 am,vertical,strong,0,5,1.0,0,1,1,1,2,1,6,1,8,1
20_LV,22,1,11,29/08/2013,09:19:49 am,horizontal,weak,0,5,1.0,0,1,1,1,2,1,3,1,8,1
20_LV,22,1,12,29/08/2013,09:20:13 am,vertical,strong,0,5,1.0,0,1,1,1,2,1,4,1,7,1
20_LV,22,1,13,29/08/2013,09:20:35 am,vertical,strong,0,5,1.0,0,1,1,1,2,1,3,1,7,1
20_LV,22,1,14,29/08/2013,09:20:57 am,vertical,strong,0,5,1.0,0,1,1,1,2,1,4,1,5,1
20_LV,22,1,15,29/08/2013,09:21:20 am,horizontal,weak,0,5,1.0,0,1,1,1,2,1,6,1,7,1
20_LV,22,1,16,29/08/2013,09:21:43 am,vertical,strong,0,5,1.0,0,1,1,1,2,1,4,1,7,1
20_LV,22,1,17,29/08/2013,09:22:05 am,vertical,strong,0,5,1.0,0,1,1,1,2,1,4,1,6,1
20_LV,22,1,18,29/08/2013,09:22:29 am,vertical,strong,0,5,1.0,0,1,1,1,2,1,4,1,7,1
20_LV,22,1,19,29/08/2013,09:22:52 am,vertical,strong,0,5,1.0,0,1,1,1,3,1,8,1,9,1
20_LV,22,1,20,29/08/2013,09:23:54 am,horizontal,weak,1,4,0.8,0,1,1,1,3,1,7,0,9,1
20_LV,22,1,21,29/08/2013,09:24:17 am,horizontal,weak,0,5,1.0,0,1,1,1,4,1,5,1,8,1
20_LV,22,1,22,29/08/2013,09:24:41 am,vertical,strong,0,5,1.0,0,1,2,1,3,1,5,1,8,1
20_LV,22,1,23,29/08/2013,09:25:05 am,horizontal,weak,0,5,1.0,0,1,1,1,2,1,5,1,8,1
20_LV,22,1,24,29/08/2013,09:25:29 am,vertical,strong,0,5,1.0,0,1,1,1,3,1,5,1,7,1
20_LV,22,1,25,29/08/2013,09:25:53 am,horizontal,weak,0,5,1.0,0,1,1,1,2,1,4,1,7,1
20_LV,22,1,26,29/08/2013,09:26:16 am,horizontal,weak,0,5,1.0,0,1,1,1,2,1,3,1,4,1
20_LV,22,1,27,29/08/2013,09:26:40 am,vertical,strong,0,5,1.0,0,1,1,1,5,1,6,1,9,1
20_LV,22,1,28,29/08/2013,09:27:02 am,horizontal,weak,0,5,1.0,0,1,1,1,2,1,3,1,9,1
20_LV,22,1,29,29/08/2013,09:27:25 am,horizontal,weak,0,5,1.0,0,1,1,1,2,1,5,1,6,1
20_LV,22,1,30,29/08/2013,09:27:49 am,vertical,strong,0,5,1.0,0,1,1,1,4,1,6,1,8,1
20_LV,22,1,31,29/08/2013,09:28:12 am,horizontal,weak,0,5,1.0,0,1,1,1,2,1,3,1,5,1
20_LV,22,1,32,29/08/2013,09:28:35 am,vertical,strong,1,4,0.8,0,1,1,1,3,1,6,1,7,0
20_LV,22,1,33,29/08/2013,09:28:58 am,horizontal,weak,0,5,1.0,0,1,1,1,2,1,6,1,8,1
20_LV,22,1,34,29/08/2013,09:29:23 am,vertical,strong,0,5,1.0,0,1,1,1,2,1,3,1,7,1
20_LV,22,1,35,29/08/2013,09:29:45 am,horizontal,weak,0,5,1.0,0,1,1,1,5,1,6,1,8,1
20_LV,22,1,36,29/08/2013,09:30:08 am,vertical,strong,0,5,1.0,0,1,1,1,2,1,6,1,8,1
20_LV,22,1,37,29/08/2013,09:30:33 am,horizontal,weak,1,4,0.8,0,1,1,1,2,1,8,1,9,0
20_LV,22,1,38,29/08/2013,09:30:57 am,vertical,strong,0,5,1.0,0,1,1,1,2,1,3,1,4,1
20_LV,22,1,39,29/08/2013,09:32:05 am,horizontal,weak,1,4,0.8,0,1,3,1,4,1,6,1,8,0
20_LV,22,1,40,29/08/2013,09:32:30 am,horizontal,weak,0,5,1.0,0,1,1,1,2,1,3,1,4,1
20_LV,22,1,41,29/08/2013,09:32:56 am,horizontal,weak,0,5,1.0,0,1,1,1,2,1,3,1,4,1
20_LV,22,1,42,29/08/2013,09:33:20 am,horizontal,weak,0,5,1.0,0,1,2,1,3,1,7,1,9,1
20_LV,22,1,43,29/08/2013,09:33:43 am,vertical,strong,0,5,1.0,0,1,1,1,3,1,6,1,9,1
20_LV,22,1,44,29/08/2013,09:34:04 am,horizontal,weak,0,5,1.0,0,1,1,1,2,1,3,1,6,1
20_LV,22,1,45,29/08/2013,09:34:28 am,horizontal,weak,0,5,1.0,0,1,1,1,2,1,7,1,9,1
20_LV,22,1,46,29/08/2013,09:34:51 am,horizontal,weak,1,4,0.8,0,1,1,1,2,1,5,0,6,1
20_LV,22,1,47,29/08/2013,09:35:14 am,vertical,strong,0,5,1.0,0,1,1,1,4,1,6,1,8,1
20_LV,22,1,48,29/08/2013,09:35:38 am,vertical,strong,1,4,0.8,0,1,2,1,4,1,5,1,6,0
20_LV,22,1,49,29/08/2013,09:36:02 am,vertical,strong,0,5,1.0,0,1,1,1,2,1,3,1,6,1
20_LV,22,1,50,29/08/2013,09:36:28 am,vertical,strong,3,2,0.4,0,1,4,1,5,0,6,0,7,0
20_LV,22,1,51,29/08/2013,09:36:50 am,vertical,strong,0,5,1.0,0,1,2,1,4,1,6,1,8,1
20_LV,22,1,52,29/08/2013,09:37:12 am,horizontal,weak,1,4,0.8,0,1,1,1,2,0,4,1,5,1
20_LV,22,1,53,29/08/2013,09:37:34 am,vertical,strong,0,5,1.0,0,1,1,1,4,1,6,1,8,1
20_LV,22,1,54,29/08/2013,09:37:57 am,vertical,strong,1,4,0.8,0,1,2,1,3,1,4,1,5,0
20_LV,22,1,55,29/08/2013,09:38:19 am,horizontal,weak,0,5,1.0,0,1,1,1,3,1,5,1,6,1
20_LV,22,1,56,29/08/2013,09:38:43 am,horizontal,weak,0,5,1.0,0,1,1,1,3,1,4,1,5,1
20_LV,22,1,57,29/08/2013,09:39:04 am,vertical,strong,0,5,1.0,0,1,2,1,3,1,5,1,6,1
20_LV,22,1,58,29/08/2013,09:39:26 am,vertical,strong,0,5,1.0,0,1,1,1,3,1,4,1,5,1
20_LV,22,1,59,29/08/2013,09:39:49 am,horizontal,weak,0,5,1.0,0,1,1,1,4,1,5,1,9,1
21_AT,20,1,0,29/08/2013,02:11:10 pm,vertical,strong,2,3,0.6,0,1,1,1,3,1,5,0,8,0
21_AT,20,1,1,29/08/2013,02:11:37 pm,horizontal,weak,2,3,0.6,2,1,3,1,4,0,6,1,8,0
21_AT,20,1,2,29/08/2013,02:12:02 pm,horizontal,weak,2,3,0.6,0,1,3,0,5,1,6,0,7,1
21_AT,20,1,3,29/08/2013,02:12:27 pm,vertical,strong,2,3,0.6,0,1,1,0,3,1,8,0,9,1
21_AT,20,1,4,29/08/2013,02:12:50 pm,horizontal,weak,1,4,0.8,0,1,1,1,3,1,4,1,9,0
21_AT,20,1,5,29/08/2013,02:13:14 pm,horizontal,weak,2,3,0.6,1,1,3,1,4,1,5,0,8,0
21_AT,20,1,6,29/08/2013,02:13:40 pm,vertical,strong,2,3,0.6,0,1,2,1,3,1,4,0,7,0
21_AT,20,1,7,29/08/2013,02:14:05 pm,horizontal,weak,3,2,0.4,1,1,2,0,3,0,5,1,6,0
21_AT,20,1,8,29/08/2013,02:14:30 pm,vertical,strong,3,2,0.4,1,1,2,0,3,1,6,0,7,0
21_AT,20,1,9,29/08/2013,02:14:53 pm,vertical,strong,2,3,0.6,0,1,2,1,5,0,6,0,9,1
21_AT,20,1,10,29/08/2013,02:15:16 pm,vertical,strong,2,3,0.6,0,1,2,1,7,0,8,1,9,0
21_AT,20,1,11,29/08/2013,02:15:39 pm,horizontal,weak,2,3,0.6,1,1,4,1,5,0,7,1,9,0
21_AT,20,1,12,29/08/2013,02:16:06 pm,horizontal,weak,1,4,0.8,0,1,1,1,2,1,3,0,9,1
21_AT,20,1,13,29/08/2013,02:16:29 pm,vertical,strong,2,3,0.6,1,1,2,0,4,1,5,0,7,1
21_AT,20,1,14,29/08/2013,02:16:56 pm,vertical,strong,3,2,0.4,1,1,2,1,4,0,6,0,8,0
21_AT,20,1,15,29/08/2013,02:17:19 pm,vertical,strong,2,3,0.6,0,1,2,0,5,1,8,1,9,0
21_AT,20,1,16,29/08/2013,02:17:42 pm,vertical,strong,1,4,0.8,0,1,1,1,3,1,6,1,8,0
21_AT,20,1,17,29/08/2013,02:18:06 pm,horizontal,weak,1,4,0.8,1,1,2,1,3,1,6,1,7,0
21_AT,20,1,18,29/08/2013,02:18:30 pm,horizontal,weak,1,4,0.8,0,1,1,1,2,1,7,0,9,1
21_AT,20,1,19,29/08/2013,02:18:54 pm,vertical,strong,2,3,0.6,0,1,1,1,2,1,4,0,6,0
21_AT,20,1,20,29/08/2013,02:19:17 pm,horizontal,weak,1,4,0.8,0,1,1,1,2,1,6,0,7,1
21_AT,20,1,21,29/08/2013,02:19:40 pm,horizontal,weak,1,4,0.8,0,1,1,1,2,1,4,0,6,1
21_AT,20,1,22,29/08/2013,02:20:03 pm,horizontal,weak,0,5,1.0,0,1,1,1,2,1,3,1,6,1
21_AT,20,1,23,29/08/2013,02:20:28 pm,horizontal,weak,2,3,0.6,0,1,3,0,4,1,5,1,7,0
21_AT,20,1,24,29/08/2013,02:20:53 pm,horizontal,weak,2,3,0.6,0,1,1,1,3,0,4,1,6,0
21_AT,20,1,25,29/08/2013,02:21:17 pm,vertical,strong,2,3,0.6,2,1,3,1,5,1,7,0,8,0
21_AT,20,1,26,29/08/2013,02:21:39 pm,vertical,strong,3,2,0.4,1,1,3,1,5,0,6,0,7,0
21_AT,20,1,27,29/08/2013,02:22:02 pm,vertical,strong,1,4,0.8,0,1,2,1,3,0,6,1,7,1
21_AT,20,1,28,29/08/2013,02:22:26 pm,vertical,strong,2,3,0.6,0,1,3,0,4,1,5,1,9,0
21_AT,20,1,29,29/08/2013,02:22:48 pm,horizontal,weak,1,4,0.8,0,1,2,1,3,1,4,1,5,0
21_AT,20,1,30,29/08/2013,02:23:15 pm,horizontal,weak,2,3,0.6,0,1,2,1,4,0,5,1,8,0
21_AT,20,1,31,29/08/2013,02:23:39 pm,vertical,strong,1,4,0.8,1,1,3,0,4,1,5,1,9,1
21_AT,20,1,32,29/08/2013,02:24:02 pm,vertical,strong,2,3,0.6,0,1,1,1,2,1,6,0,8,0
21_AT,20,1,33,29/08/2013,02:24:23 pm,horizontal,weak,0,5,1.0,0,1,1,1,2,1,3,1,6,1
21_AT,20,1,34,29/08/2013,02:24:47 pm,vertical,strong,1,4,0.8,1,1,2,1,4,1,7,0,9,1
21_AT,20,1,35,29/08/2013,02:25:09 pm,vertical,strong,1,4,0.8,0,1,1,1,4,1,5,1,6,0
21_AT,20,1,36,29/08/2013,02:25:33 pm,vertical,strong,2,3,0.6,0,1,1,1,3,1,5,0,7,0
21_AT,20,1,37,29/08/2013,02:25:56 pm,vertical,strong,3,2,0.4,0,1,4,1,6,0,7,0,8,0
21_AT,20,1,38,29/08/2013,02:26:18 pm,vertical,strong,1,4,0.8,0,1,1,1,6,1,7,1,8,0
21_AT,20,1,39,29/08/2013,02:26:41 pm,horizontal,weak,2,3,0.6,2,1,3,1,6,0,7,0,9,1
21_AT,20,1,40,29/08/2013,02:27:03 pm,vertical,strong,0,5,1.0,0,1,1,1,2,1,5,1,7,1
21_AT,20,1,41,29/08/2013,02:27:26 pm,vertical,strong,2,3,0.6,0,1,2,1,3,0,6,1,7,0
21_AT,20,1,42,29/08/2013,02:27:47 pm,horizontal,weak,2,3,0.6,0,1,1,1,2,1,3,0,4,0
21_AT,20,1,43,29/08/2013,02:28:10 pm,vertical,strong,0,5,1.0,0,1,1,1,3,1,4,1,6,1
21_AT,20,1,44,29/08/2013,02:28:34 pm,horizontal,weak,2,3,0.6,0,1,3,0,4,1,8,1,9,0
21_AT,20,1,45,29/08/2013,02:28:57 pm,vertical,strong,1,4,0.8,0,1,1,1,3,1,4,1,6,0
21_AT,20,1,46,29/08/2013,02:29:20 pm,horizontal,weak,1,4,0.8,0,1,1,1,2,1,3,1,5,0
21_AT,20,1,47,29/08/2013,02:29:41 pm,horizontal,weak,1,4,0.8,0,1,1,1,2,0,3,1,6,1
21_AT,20,1,48,29/08/2013,02:30:03 pm,horizontal,weak,2,3,0.6,0,1,1,1,4,0,7,0,8,1
21_AT,20,1,49,29/08/2013,02:30:24 pm,vertical,strong,1,4,0.8,0,1,1,1,2,1,3,1,7,0
21_AT,20,1,50,29/08/2013,02:30:46 pm,horizontal,weak,2,3,0.6,2,1,4,1,5,0,6,0,8,1
21_AT,20,1,51,29/08/2013,02:31:07 pm,horizontal,weak,2,3,0.6,1,0,2,1,3,1,5,1,7,0
21_AT,20,1,52,29/08/2013,02:31:28 pm,vertical,strong,1,4,0.8,0,1,1,0,2,1,4,1,5,1
21_AT,20,1,53,29/08/2013,02:31:50 pm,horizontal,weak,0,5,1.0,0,1,1,1,2,1,3,1,7,1
21_AT,20,1,54,29/08/2013,02:32:12 pm,vertical,strong,1,4,0.8,1,1,2,1,3,0,7,1,9,1
21_AT,20,1,55,29/08/2013,02:32:37 pm,horizontal,weak,1,4,0.8,0,1,1,1,3,0,4,1,7,1
21_AT,20,1,56,29/08/2013,02:32:59 pm,horizontal,weak,2,3,0.6,1,1,2,1,3,0,7,1,9,0
21_AT,20,1,57,29/08/2013,02:33:20 pm,horizontal,weak,1,4,0.8,0,1,3,1,4,1,8,0,9,1
21_AT,20,1,58,29/08/2013,02:33:42 pm,horizontal,weak,2,3,0.6,1,1,2,1,4,0,5,0,8,1
21_AT,20,1,59,29/08/2013,02:34:04 pm,vertical,strong,0,5,1.0,0,1,3,1,5,1,6,1,7,1
22_KV,23,0,0,29/08/2013,03:12:18 pm,vertical,strong,0,5,1.0,0,1,1,1,3,1,4,1,6,1
22_KV,23,0,1,29/08/2013,03:12:39 pm,horizontal,weak,0,5,1.0,0,1,1,1,2,1,3,1,5,1
22_KV,23,0,2,29/08/2013,03:12:59 pm,horizontal,weak,1,4,0.8,0,1,1,1,3,1,5,0,6,1
22_KV,23,0,3,29/08/2013,03:13:21 pm,vertical,strong,1,4,0.8,0,1,3,1,4,1,6,0,7,1
22_KV,23,0,4,29/08/2013,03:13:45 pm,vertical,strong,1,4,0.8,1,1,3,1,5,0,6,1,7,1
22_KV,23,0,5,29/08/2013,03:14:06 pm,vertical,strong,1,4,0.8,0,1,2,1,3,1,4,1,6,0
22_KV,23,0,6,29/08/2013,03:14:32 pm,horizontal,weak,1,4,0.8,0,1,1,1,3,1,5,0,6,1
22_KV,23,0,7,29/08/2013,03:14:53 pm,vertical,strong,0,5,1.0,0,1,1,1,3,1,6,1,8,1
22_KV,23,0,8,29/08/2013,03:15:14 pm,vertical,strong,2,3,0.6,0,1,1,1,2,1,5,0,9,0
22_KV,23,0,9,29/08/2013,03:15:39 pm,horizontal,weak,1,4,0.8,2,1,3,1,4,1,5,0,9,1
22_KV,23,0,10,29/08/2013,03:16:00 pm,vertical,strong,1,4,0.8,0,1,1,1,2,0,3,1,5,1
22_KV,23,0,11,29/08/2013,03:16:22 pm,horizontal,weak,0,5,1.0,0,1,1,1,2,1,4,1,5,1
22_KV,23,0,12,29/08/2013,03:16:42 pm,horizontal,weak,0,5,1.0,0,1,1,1,2,1,4,1,6,1
22_KV,23,0,13,29/08/2013,03:17:04 pm,horizontal,weak,1,4,0.8,0,1,1,1,2,1,3,1,4,0
22_KV,23,0,14,29/08/2013,03:17:27 pm,horizontal,weak,2,3,0.6,0,1,2,0,4,1,7,1,9,0
22_KV,23,0,15,29/08/2013,03:17:51 pm,horizontal,weak,2,3,0.6,2,1,4,1,5,0,8,1,9,0
22_KV,23,0,16,29/08/2013,03:18:12 pm,horizontal,weak,0,5,1.0,0,1,1,1,3,1,4,1,6,1
22_KV,23,0,17,29/08/2013,03:18:32 pm,vertical,strong,0,5,1.0,0,1,1,1,3,1,7,1,9,1
22_KV,23,0,18,29/08/2013,03:18:53 pm,vertical,strong,2,3,0.6,0,1,3,1,7,1,8,0,9,0
22_KV,23,0,19,29/08/2013,03:19:13 pm,vertical,strong,1,4,0.8,2,1,3,0,4,1,5,1,7,1
22_KV,23,0,20,29/08/2013,03:19:39 pm,vertical,strong,0,5,1.0,0,1,1,1,2,1,4,1,5,1
22_KV,23,0,21,29/08/2013,03:20:00 pm,horizontal,weak,0,5,1.0,0,1,1,1,2,1,4,1,7,1
22_KV,23,0,22,29/08/2013,03:20:21 pm,horizontal,weak,0,5,1.0,0,1,1,1,4,1,5,1,6,1
22_KV,23,0,23,29/08/2013,03:20:42 pm,horizontal,weak,2,3,0.6,0,1,1,1,2,1,7,0,9,0
22_KV,23,0,24,29/08/2013,03:21:05 pm,vertical,strong,3,2,0.4,2,1,3,1,5,0,8,0,9,0
22_KV,23,0,25,29/08/2013,03:21:27 pm,vertical,strong,2,3,0.6,1,0,2,1,4,0,5,1,8,1
22_KV,23,0,26,29/08/2013,03:21:48 pm,vertical,strong,0,5,1.0,0,1,1,1,2,1,3,1,4,1
22_KV,23,0,27,29/08/2013,03:22:08 pm,vertical,strong,1,4,0.8,0,1,3,0,5,1,6,1,8,1
22_KV,23,0,28,29/08/2013,03:22:28 pm,horizontal,weak,3,2,0.4,0,1,3,1,4,0,5,0,7,0
22_KV,23,0,29,29/08/2013,03:22:49 pm,horizontal,weak,0,5,1.0,0,1,1,1,3,1,5,1,6,1
22_KV,23,0,30,29/08/2013,03:23:09 pm,vertical,strong,0,5,1.0,0,1,1,1,2,1,8,1,9,1
22_KV,23,0,31,29/08/2013,03:23:29 pm,horizontal,weak,0,5,1.0,0,1,1,1,2,1,3,1,7,1
22_KV,23,0,32,29/08/2013,03:23:50 pm,vertical,strong,0,5,1.0,0,1,1,1,5,1,7,1,9,1
22_KV,23,0,33,29/08/2013,03:24:10 pm,vertical,strong,0,5,1.0,0,1,1,1,2,1,3,1,4,1
22_KV,23,0,34,29/08/2013,03:24:31 pm,horizontal,weak,0,5,1.0,0,1,1,1,2,1,3,1,5,1
22_KV,23,0,35,29/08/2013,03:24:51 pm,vertical,strong,1,4,0.8,1,0,2,1,5,1,6,1,9,1
22_KV,23,0,36,29/08/2013,03:25:12 pm,horizontal,weak,2,3,0.6,0,1,1,1,2,1,3,0,4,0
22_KV,23,0,37,29/08/2013,03:25:33 pm,horizontal,weak,0,5,1.0,0,1,1,1,2,1,3,1,4,1
22_KV,23,0,38,29/08/2013,03:25:55 pm,vertical,strong,0,5,1.0,0,1,1,1,2,1,4,1,7,1
22_KV,23,0,39,29/08/2013,03:26:15 pm,horizontal,weak,0,5,1.0,0,1,1,1,2,1,5,1,8,1
22_KV,23,0,40,29/08/2013,03:26:36 pm,vertical,strong,1,4,0.8,0,1,1,1,3,1,6,0,8,1
22_KV,23,0,41,29/08/2013,03:27:05 pm,vertical,strong,0,5,1.0,0,1,3,1,4,1,5,1,8,1
22_KV,23,0,42,29/08/2013,03:27:26 pm,vertical,strong,0,5,1.0,0,1,1,1,3,1,4,1,8,1
22_KV,23,0,43,29/08/2013,03:27:48 pm,vertical,strong,1,4,0.8,0,1,2,1,3,1,4,1,8,0
22_KV,23,0,44,29/08/2013,03:28:08 pm,vertical,strong,1,4,0.8,0,1,1,1,3,0,4,1,8,1
22_KV,23,0,45,29/08/2013,03:28:28 pm,horizontal,weak,0,5,1.0,0,1,1,1,2,1,4,1,7,1
22_KV,23,0,46,29/08/2013,03:28:49 pm,vertical,strong,1,4,0.8,0,1,1,1,2,1,4,1,9,0
22_KV,23,0,47,29/08/2013,03:29:10 pm,horizontal,weak,1,4,0.8,0,1,3,1,4,1,6,0,9,1
22_KV,23,0,48,29/08/2013,03:29:31 pm,horizontal,weak,0,5,1.0,0,1,3,1,5,1,6,1,8,1
22_KV,23,0,49,29/08/2013,03:29:50 pm,horizontal,weak,0,5,1.0,0,1,1,1,2,1,3,1,4,1
22_KV,23,0,50,29/08/2013,03:30:10 pm,horizontal,weak,1,4,0.8,0,1,1,1,4,1,7,0,8,1
22_KV,23,0,51,29/08/2013,03:30:31 pm,vertical,strong,1,4,0.8,1,1,2,1,3,1,5,0,8,1
22_KV,23,0,52,29/08/2013,03:30:50 pm,horizontal,weak,0,5,1.0,0,1,1,1,2,1,7,1,9,1
22_KV,23,0,53,29/08/2013,03:31:11 pm,horizontal,weak,0,5,1.0,0,1,1,1,2,1,5,1,8,1
22_KV,23,0,54,29/08/2013,03:31:33 pm,horizontal,weak,0,5,1.0,0,1,2,1,3,1,5,1,8,1
22_KV,23,0,55,29/08/2013,03:31:58 pm,horizontal,weak,0,5,1.0,0,1,1,1,2,1,5,1,8,1
22_KV,23,0,56,29/08/2013,03:32:18 pm,vertical,strong,0,5,1.0,0,1,1,1,3,1,4,1,5,1
22_KV,23,0,57,29/08/2013,03:32:38 pm,horizontal,weak,1,4,0.8,0,1,1,1,2,1,4,0,8,1
22_KV,23,0,58,29/08/2013,03:33:11 pm,vertical,strong,1,4,0.8,0,1,1,1,5,0,6,1,9,1
22_KV,23,0,59,29/08/2013,03:33:35 pm,vertical,strong,2,3,0.6,1,1,2,1,3,0,5,1,8,0
23_LK,22,1,0,30/08/2013,09:12:28 am,horizontal,weak,1,4,0.8,0,1,4,1,5,1,6,0,9,1
23_LK,22,1,1,30/08/2013,09:12:52 am,vertical,strong,2,3,0.6,0,1,1,0,2,1,3,1,5,0
23_LK,22,1,2,30/08/2013,09:13:19 am,vertical,strong,0,5,1.0,0,1,2,1,3,1,4,1,9,1
23_LK,22,1,3,30/08/2013,09:13:44 am,horizontal,weak,0,5,1.0,0,1,1,1,2,1,6,1,9,1
23_LK,22,1,4,30/08/2013,09:14:10 am,vertical,strong,1,4,0.8,0,1,1,1,4,1,8,0,9,1
23_LK,22,1,5,30/08/2013,09:14:36 am,vertical,strong,1,4,0.8,0,1,1,1,3,0,4,1,8,1
23_LK,22,1,6,30/08/2013,09:15:01 am,vertical,strong,2,3,0.6,0,1,2,1,3,1,5,0,7,0
23_LK,22,1,7,30/08/2013,09:15:26 am,horizontal,weak,2,3,0.6,0,1,1,1,3,0,5,1,8,0
23_LK,22,1,8,30/08/2013,09:15:51 am,horizontal,weak,2,3,0.6,0,1,2,1,5,0,7,0,9,1
23_LK,22,1,9,30/08/2013,09:16:17 am,horizontal,weak,2,3,0.6,0,1,1,1,3,0,7,1,8,0
23_LK,22,1,10,30/08/2013,09:16:44 am,horizontal,weak,0,5,1.0,0,1,1,1,2,1,3,1,5,1
23_LK,22,1,11,30/08/2013,09:17:08 am,horizontal,weak,1,4,0.8,0,1,1,1,3,1,7,1,9,0
23_LK,22,1,12,30/08/2013,09:17:32 am,horizontal,weak,2,3,0.6,0,1,1,1,3,0,7,0,9,1
23_LK,22,1,13,30/08/2013,09:17:59 am,horizontal,weak,2,3,0.6,2,0,3,1,4,0,6,1,8,1
23_LK,22,1,14,30/08/2013,09:18:30 am,vertical,strong,1,4,0.8,0,1,1,1,4,1,7,1,9,0
23_LK,22,1,15,30/08/2013,09:18:56 am,vertical,strong,2,3,0.6,4,0,5,1,6,0,7,1,8,1
23_LK,22,1,16,30/08/2013,09:19:24 am,horizontal,weak,1,4,0.8,0,1,1,1,3,1,6,0,8,1
23_LK,22,1,17,30/08/2013,09:19:48 am,vertical,strong,2,3,0.6,0,1,1,0,2,1,3,1,7,0
23_LK,22,1,18,30/08/2013,09:20:13 am,horizontal,weak,1,4,0.8,0,1,1,1,2,1,6,0,8,1
23_LK,22,1,19,30/08/2013,09:21:01 am,horizontal,weak,1,4,0.8,0,1,1,1,3,0,4,1,5,1
23_LK,22,1,20,30/08/2013,09:21:29 am,vertical,strong,1,4,0.8,0,1,2,1,3,1,5,1,8,0
23_LK,22,1,21,30/08/2013,09:21:53 am,vertical,strong,1,4,0.8,1,1,2,1,3,1,4,1,8,0
23_LK,22,1,22,30/08/2013,09:22:27 am,vertical,strong,1,4,0.8,0,1,1,1,3,0,6,1,7,1
23_LK,22,1,23,30/08/2013,09:22:51 am,vertical,strong,0,5,1.0,0,1,1,1,2,1,3,1,5,1
23_LK,22,1,24,30/08/2013,09:23:15 am,horizontal,weak,1,4,0.8,0,1,1,1,2,1,4,1,5,0
23_LK,22,1,25,30/08/2013,09:23:38 am,horizontal,weak,0,5,1.0,0,1,1,1,2,1,4,1,5,1
23_LK,22,1,26,30/08/2013,09:24:02 am,horizontal,weak,0,5,1.0,0,1,2,1,3,1,5,1,9,1
23_LK,22,1,27,30/08/2013,09:24:27 am,horizontal,weak,0,5,1.0,0,1,1,1,2,1,3,1,4,1
23_LK,22,1,28,30/08/2013,09:24:53 am,vertical,strong,1,4,0.8,0,1,1,1,3,1,6,1,8,0
23_LK,22,1,29,30/08/2013,09:25:16 am,horizontal,weak,1,4,0.8,0,1,1,1,3,1,4,0,9,1
23_LK,22,1,30,30/08/2013,09:25:40 am,vertical,strong,1,4,0.8,0,1,1,1,2,1,3,1,5,0
23_LK,22,1,31,30/08/2013,09:26:05 am,vertical,strong,1,4,0.8,0,1,1,1,2,1,3,1,7,0
23_LK,22,1,32,30/08/2013,09:26:28 am,vertical,strong,0,5,1.0,0,1,1,1,3,1,4,1,7,1
23_LK,22,1,33,30/08/2013,09:27:02 am,vertical,strong,1,4,0.8,0,1,1,1,2,1,4,1,5,0
23_LK,22,1,34,30/08/2013,09:27:27 am,horizontal,weak,0,5,1.0,0,1,1,1,2,1,5,1,6,1
23_LK,22,1,35,30/08/2013,09:27:55 am,vertical,strong,2,3,0.6,0,1,1,0,2,1,6,0,7,1
23_LK,22,1,36,30/08/2013,09:28:21 am,vertical,strong,1,4,0.8,0,1,1,1,4,0,5,1,6,1
23_LK,22,1,37,30/08/2013,09:28:45 am,horizontal,weak,0,5,1.0,0,1,1,1,3,1,6,1,8,1
23_LK,22,1,38,30/08/2013,09:29:09 am,vertical,strong,0,5,1.0,0,1,2,1,3,1,4,1,6,1
23_LK,22,1,39,30/08/2013,09:30:09 am,horizontal,weak,2,3,0.6,0,1,1,1,3,0,5,1,9,0
23_LK,22,1,40,30/08/2013,09:30:34 am,horizontal,weak,1,4,0.8,1,1,3,1,4,1,6,0,9,1
23_LK,22,1,41,30/08/2013,09:31:06 am,horizontal,weak,2,3,0.6,1,1,3,0,6,1,8,0,9,1
23_LK,22,1,42,30/08/2013,09:31:29 am,horizontal,weak,1,4,0.8,0,1,1,1,5,0,7,1,8,1
23_LK,22,1,43,30/08/2013,09:31:54 am,vertical,strong,1,4,0.8,1,1,2,1,3,1,5,1,9,0
23_LK,22,1,44,30/08/2013,09:32:18 am,horizontal,weak,0,5,1.0,0,1,1,1,2,1,4,1,9,1
23_LK,22,1,45,30/08/2013,09:32:46 am,horizontal,weak,1,4,0.8,0,1,1,1,3,1,4,1,5,0
23_LK,22,1,46,30/08/2013,09:33:11 am,vertical,strong,0,5,1.0,0,1,1,1,2,1,5,1,9,1
23_LK,22,1,47,30/08/2013,09:33:35 am,vertical,strong,0,5,1.0,0,1,1,1,2,1,3,1,9,1
23_LK,22,1,48,30/08/2013,09:33:58 am,vertical,strong,1,4,0.8,0,1,2,1,4,1,7,1,9,0
23_LK,22,1,49,30/08/2013,09:34:23 am,vertical,strong,0,5,1.0,0,1,1,1,2,1,3,1,8,1
23_LK,22,1,50,30/08/2013,09:34:47 am,horizontal,weak,0,5,1.0,0,1,1,1,2,1,4,1,6,1
23_LK,22,1,51,30/08/2013,09:35:11 am,vertical,strong,1,4,0.8,0,1,1,0,3,1,7,1,9,1
23_LK,22,1,52,30/08/2013,09:35:34 am,horizontal,weak,0,5,1.0,0,1,3,1,4,1,5,1,8,1
23_LK,22,1,53,30/08/2013,09:35:59 am,vertical,strong,1,4,0.8,0,1,2,1,3,1,5,1,9,0
23_LK,22,1,54,30/08/2013,09:36:22 am,vertical,strong,1,4,0.8,0,1,1,1,2,1,3,1,5,0
23_LK,22,1,55,30/08/2013,09:36:46 am,vertical,strong,1,4,0.8,0,1,1,1,2,1,3,1,6,0
23_LK,22,1,56,30/08/2013,09:37:08 am,horizontal,weak,0,5,1.0,0,1,1,1,2,1,3,1,6,1
23_LK,22,1,57,30/08/2013,09:37:29 am,horizontal,weak,1,4,0.8,0,1,1,1,3,1,4,0,6,1
23_LK,22,1,58,30/08/2013,09:37:52 am,horizontal,weak,0,5,1.0,0,1,1,1,2,1,5,1,9,1
23_LK,22,1,59,30/08/2013,09:38:14 am,vertical,strong,0,5,1.0,0,1,1,1,3,1,5,1,9,1
24_DT,23,1,0,30/08/2013,10:11:51 am,vertical,strong,1,4,0.8,0,1,1,1,4,0,6,1,9,1
24_DT,23,1,1,30/08/2013,10:12:14 am,vertical,strong,3,2,0.4,3,0,5,0,6,1,8,1,9,0
24_DT,23,1,2,30/08/2013,10:12:37 am,horizontal,weak,1,4,0.8,1,1,3,1,4,1,5,0,9,1
24_DT,23,1,3,30/08/2013,10:12:59 am,horizontal,weak,0,5,1.0,0,1,1,1,2,1,3,1,5,1
24_DT,23,1,4,30/08/2013,10:13:22 am,horizontal,weak,1,4,0.8,1,1,3,1,4,1,6,0,8,1
24_DT,23,1,5,30/08/2013,10:13:44 am,vertical,strong,1,4,0.8,0,1,1,1,4,1,7,1,8,0
24_DT,23,1,6,30/08/2013,10:14:07 am,vertical,strong,1,4,0.8,0,1,2,1,3,1,5,1,9,0
24_DT,23,1,7,30/08/2013,10:14:29 am,vertical,strong,0,5,1.0,0,1,1,1,2,1,3,1,8,1
24_DT,23,1,8,30/08/2013,10:14:52 am,horizontal,weak,1,4,0.8,0,1,1,1,2,1,5,1,7,0
24_DT,23,1,9,30/08/2013,10:15:16 am,horizontal,weak,0,5,1.0,0,1,1,1,3,1,4,1,5,1
24_DT,23,1,10,30/08/2013,10:15:40 am,horizontal,weak,0,5,1.0,0,1,2,1,3,1,6,1,9,1
24_DT,23,1,11,30/08/2013,10:16:02 am,vertical,strong,2,3,0.6,0,1,3,1,4,1,6,0,9,0
24_DT,23,1,12,30/08/2013,10:16:26 am,vertical,strong,0,5,1.0,0,1,1,1,2,1,3,1,8,1
24_DT,23,1,13,30/08/2013,10:16:49 am,vertical,strong,1,4,0.8,0,1,5,1,6,1,8,0,9,1
24_DT,23,1,14,30/08/2013,10:17:11 am,horizontal,weak,2,3,0.6,1,1,2,1,4,0,8,1,9,0
24_DT,23,1,15,30/08/2013,10:17:33 am,vertical,strong,2,3,0.6,1,1,2,1,5,1,6,0,8,0
24_DT,23,1,16,30/08/2013,10:17:57 am,vertical,strong,0,5,1.0,0,1,1,1,4,1,6,1,7,1
24_DT,23,1,17,30/08/2013,10:18:20 am,horizontal,weak,2,3,0.6,0,1,1,1,5,0,6,0,7,1
24_DT,23,1,18,30/08/2013,10:18:42 am,vertical,strong,2,3,0.6,1,1,5,0,7,1,8,1,9,0
24_DT,23,1,19,30/08/2013,10:19:33 am,vertical,strong,2,3,0.6,0,1,1,1,2,1,5,0,6,0
24_DT,23,1,20,30/08/2013,10:19:56 am,horizontal,weak,2,3,0.6,0,1,3,1,4,1,6,0,9,0
24_DT,23,1,21,30/08/2013,10:20:19 am,vertical,strong,0,5,1.0,0,1,1,1,2,1,3,1,4,1
24_DT,23,1,22,30/08/2013,10:20:42 am,horizontal,weak,1,4,0.8,0,1,1,0,2,1,3,1,4,1
24_DT,23,1,23,30/08/2013,10:21:05 am,vertical,strong,1,4,0.8,0,1,1,0,3,1,4,1,7,1
24_DT,23,1,24,30/08/2013,10:21:27 am,vertical,strong,1,4,0.8,2,1,3,1,4,1,5,1,7,0
24_DT,23,1,25,30/08/2013,10:21:50 am,horizontal,weak,1,4,0.8,0,1,1,1,2,0,5,1,7,1
24_DT,23,1,26,30/08/2013,10:22:13 am,horizontal,weak,0,5,1.0,0,1,1,1,2,1,3,1,9,1
24_DT,23,1,27,30/08/2013,10:22:35 am,vertical,strong,2,3,0.6,0,1,1,1,6,0,8,1,9,0
24_DT,23,1,28,30/08/2013,10:23:00 am,vertical,strong,3,2,0.4,0,1,2,1,4,0,6,0,8,0
24_DT,23,1,29,30/08/2013,10:23:22 am,vertical,strong,1,4,0.8,1,1,3,1,5,1,6,0,7,1
24_DT,23,1,30,30/08/2013,10:23:45 am,vertical,strong,1,4,0.8,0,1,2,1,3,1,5,1,8,0
24_DT,23,1,31,30/08/2013,10:24:08 am,horizontal,weak,0,5,1.0,0,1,1,1,2,1,5,1,8,1
24_DT,23,1,32,30/08/2013,10:24:30 am,vertical,strong,0,5,1.0,0,1,1,1,3,1,4,1,6,1
24_DT,23,1,33,30/08/2013,10:24:53 am,vertical,strong,0,5,1.0,0,1,1,1,4,1,6,1,9,1
24_DT,23,1,34,30/08/2013,10:25:16 am,horizontal,weak,0,5,1.0,0,1,1,1,2,1,5,1,7,1
24_DT,23,1,35,30/08/2013,10:25:38 am,horizontal,weak,1,4,0.8,1,1,2,1,5,0,6,1,9,1
24_DT,23,1,36,30/08/2013,10:26:01 am,horizontal,weak,0,5,1.0,0,1,1,1,2,1,3,1,5,1
24_DT,23,1,37,30/08/2013,10:26:23 am,horizontal,weak,1,4,0.8,0,1,1,1,3,1,6,0,7,1
24_DT,23,1,38,30/08/2013,10:26:45 am,horizontal,weak,1,4,0.8,0,1,1,1,4,1,5,0,6,1
24_DT,23,1,39,30/08/2013,10:27:41 am,horizontal,weak,0,5,1.0,0,1,1,1,2,1,4,1,7,1
24_DT,23,1,40,30/08/2013,10:28:04 am,vertical,strong,1,4,0.8,0,1,1,1,2,1,4,1,6,0
24_DT,23,1,41,30/08/2013,10:28:27 am,vertical,strong,0,5,1.0,0,1,1,1,2,1,5,1,7,1
24_DT,23,1,42,30/08/2013,10:28:50 am,horizontal,weak,1,4,0.8,0,1,1,1,2,1,3,1,5,0
24_DT,23,1,43,30/08/2013,10:29:13 am,horizontal,weak,0,5,1.0,0,1,1,1,3,1,4,1,8,1
24_DT,23,1,44,30/08/2013,10:29:35 am,horizontal,weak,0,5,1.0,0,1,1,1,4,1,5,1,8,1
24_DT,23,1,45,30/08/2013,10:30:00 am,vertical,strong,2,3,0.6,1,1,2,0,3,1,7,1,8,0
24_DT,23,1,46,30/08/2013,10:30:23 am,horizontal,weak,0,5,1.0,0,1,1,1,3,1,5,1,6,1
24_DT,23,1,47,30/08/2013,10:30:45 am,horizontal,weak,0,5,1.0,0,1,1,1,3,1,4,1,9,1
24_DT,23,1,48,30/08/2013,10:31:08 am,horizontal,weak,0,5,1.0,0,1,1,1,2,1,3,1,7,1
24_DT,23,1,49,30/08/2013,10:31:31 am,vertical,strong,2,3,0.6,3,1,4,0,5,0,7,1,8,1
24_DT,23,1,50,30/08/2013,10:31:53 am,vertical,strong,0,5,1.0,0,1,1,1,2,1,3,1,4,1
24_DT,23,1,51,30/08/2013,10:32:14 am,horizontal,weak,0,5,1.0,0,1,1,1,3,1,4,1,7,1
24_DT,23,1,52,30/08/2013,10:32:37 am,vertical,strong,2,3,0.6,1,1,3,1,7,0,8,0,9,1
24_DT,23,1,53,30/08/2013,10:32:59 am,horizontal,weak,0,5,1.0,0,1,1,1,2,1,4,1,5,1
24_DT,23,1,54,30/08/2013,10:33:22 am,vertical,strong,0,5,1.0,0,1,1,1,4,1,5,1,6,1
24_DT,23,1,55,30/08/2013,10:33:44 am,horizontal,weak,1,4,0.8,0,1,1,1,2,1,4,1,8,0
24_DT,23,1,56,30/08/2013,10:34:07 am,vertical,strong,0,5,1.0,0,1,1,1,3,1,4,1,9,1
24_DT,23,1,57,30/08/2013,10:34:29 am,vertical,strong,0,5,1.0,0,1,4,1,6,1,7,1,9,1
24_DT,23,1,58,30/08/2013,10:34:52 am,horizontal,weak,1,4,0.8,1,1,2,1,4,0,5,1,6,1
24_DT,23,1,59,30/08/2013,10:35:13 am,horizontal,weak,1,4,0.8,0,1,1,1,3,1,5,1,6,0
25_NJ,24,0,0,30/08/2013,02:24:34 pm,horizontal,weak,0,5,1.0,0,1,1,1,2,1,6,1,9,1
25_NJ,24,0,1,30/08/2013,02:24:57 pm,horizontal,weak,0,5,1.0,0,1,1,1,2,1,5,1,6,1
25_NJ,24,0,2,30/08/2013,02:25:20 pm,horizontal,weak,0,5,1.0,0,1,1,1,3,1,4,1,6,1
25_NJ,24,0,3,30/08/2013,02:25:42 pm,horizontal,weak,0,5,1.0,0,1,1,1,3,1,4,1,5,1
25_NJ,24,0,4,30/08/2013,02:26:05 pm,horizontal,weak,0,5,1.0,0,1,1,1,2,1,4,1,7,1
25_NJ,24,0,5,30/08/2013,02:26:27 pm,horizontal,weak,0,5,1.0,0,1,1,1,4,1,6,1,9,1
25_NJ,24,0,6,30/08/2013,02:26:50 pm,horizontal,weak,0,5,1.0,0,1,1,1,2,1,3,1,7,1
25_NJ,24,0,7,30/08/2013,02:27:12 pm,horizontal,weak,0,5,1.0,0,1,1,1,2,1,6,1,9,1
25_NJ,24,0,8,30/08/2013,02:27:37 pm,vertical,strong,0,5,1.0,0,1,1,1,2,1,3,1,5,1
25_NJ,24,0,9,30/08/2013,02:27:59 pm,horizontal,weak,0,5,1.0,0,1,1,1,2,1,3,1,4,1
25_NJ,24,0,10,30/08/2013,02:28:21 pm,vertical,strong,0,5,1.0,0,1,2,1,4,1,6,1,8,1
25_NJ,24,0,11,30/08/2013,02:28:44 pm,vertical,strong,0,5,1.0,0,1,1,1,2,1,4,1,5,1
25_NJ,24,0,12,30/08/2013,02:29:07 pm,vertical,strong,0,5,1.0,0,1,2,1,3,1,4,1,8,1
25_NJ,24,0,13,30/08/2013,02:29:29 pm,vertical,strong,0,5,1.0,0,1,2,1,3,1,5,1,7,1
25_NJ,24,0,14,30/08/2013,02:29:51 pm,horizontal,weak,0,5,1.0,0,1,1,1,2,1,3,1,4,1
25_NJ,24,0,15,30/08/2013,02:30:16 pm,vertical,strong,0,5,1.0,0,1,1,1,4,1,5,1,7,1
25_NJ,24,0,16,30/08/2013,02:30:39 pm,vertical,strong,0,5,1.0,0,1,2,1,4,1,5,1,7,1
25_NJ,24,0,17,30/08/2013,02:31:03 pm,vertical,strong,0,5,1.0,0,1,1,1,2,1,4,1,6,1
25_NJ,24,0,18,30/08/2013,02:31:29 pm,vertical,strong,0,5,1.0,0,1,1,1,2,1,5,1,8,1
25_NJ,24,0,19,30/08/2013,02:31:52 pm,horizontal,weak,0,5,1.0,0,1,1,1,2,1,7,1,9,1
25_NJ,24,0,20,30/08/2013,02:32:38 pm,horizontal,weak,0,5,1.0,0,1,1,1,2,1,4,1,7,1
25_NJ,24,0,21,30/08/2013,02:33:01 pm,horizontal,weak,0,5,1.0,0,1,1,1,2,1,8,1,9,1
25_NJ,24,0,22,30/08/2013,02:33:24 pm,vertical,strong,0,5,1.0,0,1,1,1,3,1,4,1,8,1
25_NJ,24,0,23,30/08/2013,02:33:47 pm,horizontal,weak,0,5,1.0,0,1,2,1,4,1,5,1,7,1
25_NJ,24,0,24,30/08/2013,02:34:10 pm,horizontal,weak,1,4,0.8,0,1,1,1,3,1,4,1,6,0
25_NJ,24,0,25,30/08/2013,02:34:36 pm,vertical,strong,0,5,1.0,0,1,1,1,2,1,3,1,7,1
25_NJ,24,0,26,30/08/2013,02:34:58 pm,horizontal,weak,0,5,1.0,0,1,2,1,3,1,4,1,6,1
25_NJ,24,0,27,30/08/2013,02:35:22 pm,horizontal,weak,0,5,1.0,0,1,1,1,2,1,3,1,4,1
25_NJ,24,0,28,30/08/2013,02:35:46 pm,vertical,strong,0,5,1.0,0,1,1,1,2,1,3,1,8,1
25_NJ,24,0,29,30/08/2013,02:36:09 pm,vertical,strong,1,4,0.8,0,1,1,1,3,1,6,0,9,1
25_NJ,24,0,30,30/08/2013,02:36:31 pm,horizontal,weak,0,5,1.0,0,1,1,1,2,1,4,1,5,1
25_NJ,24,0,31,30/08/2013,02:36:53 pm,vertical,strong,0,5,1.0,0,1,1,1,3,1,4,1,5,1
25_NJ,24,0,32,30/08/2013,02:37:16 pm,horizontal,weak,0,5,1.0,0,1,1,1,2,1,4,1,6,1
25_NJ,24,0,33,30/08/2013,02:37:39 pm,vertical,strong,0,5,1.0,0,1,1,1,2,1,4,1,6,1
25_NJ,24,0,34,30/08/2013,02:38:00 pm,vertical,strong,0,5,1.0,0,1,1,1,2,1,3,1,6,1
25_NJ,24,0,35,30/08/2013,02:38:24 pm,vertical,strong,0,5,1.0,0,1,1,1,2,1,3,1,4,1
25_NJ,24,0,36,30/08/2013,02:38:47 pm,vertical,strong,0,5,1.0,0,1,2,1,5,1,7,1,8,1
25_NJ,24,0,37,30/08/2013,02:39:09 pm,vertical,strong,0,5,1.0,0,1,2,1,3,1,4,1,6,1
25_NJ,24,0,38,30/08/2013,02:39:33 pm,horizontal,weak,0,5,1.0,0,1,1,1,2,1,3,1,4,1
25_NJ,24,0,39,30/08/2013,02:40:22 pm,horizontal,weak,0,5,1.0,0,1,1,1,2,1,8,1,9,1
25_NJ,24,0,40,30/08/2013,02:40:46 pm,vertical,strong,0,5,1.0,0,1,1,1,2,1,4,1,5,1
25_NJ,24,0,41,30/08/2013,02:41:08 pm,vertical,strong,0,5,1.0,0,1,1,1,3,1,4,1,9,1
25_NJ,24,0,42,30/08/2013,02:41:30 pm,vertical,strong,0,5,1.0,0,1,1,1,2,1,5,1,8,1
25_NJ,24,0,43,30/08/2013,02:41:53 pm,vertical,strong,0,5,1.0,0,1,1,1,2,1,3,1,8,1
25_NJ,24,0,44,30/08/2013,02:42:16 pm,horizontal,weak,0,5,1.0,0,1,1,1,2,1,4,1,9,1
25_NJ,24,0,45,30/08/2013,02:42:39 pm,horizontal,weak,0,5,1.0,0,1,1,1,2,1,7,1,8,1
25_NJ,24,0,46,30/08/2013,02:43:01 pm,vertical,strong,0,5,1.0,0,1,1,1,2,1,6,1,9,1
25_NJ,24,0,47,30/08/2013,02:43:24 pm,vertical,strong,0,5,1.0,0,1,1,1,3,1,4,1,8,1
25_NJ,24,0,48,30/08/2013,02:43:46 pm,vertical,strong,0,5,1.0,0,1,2,1,5,1,6,1,8,1
25_NJ,24,0,49,30/08/2013,02:44:09 pm,horizontal,weak,0,5,1.0,0,1,1,1,2,1,3,1,6,1
25_NJ,24,0,50,30/08/2013,02:44:32 pm,horizontal,weak,1,4,0.8,0,1,1,1,2,1,4,1,8,0
25_NJ,24,0,51,30/08/2013,02:44:55 pm,horizontal,weak,0,5,1.0,0,1,1,1,2,1,3,1,6,1
25_NJ,24,0,52,30/08/2013,02:45:17 pm,horizontal,weak,0,5,1.0,0,1,1,1,2,1,6,1,9,1
25_NJ,24,0,53,30/08/2013,02:45:40 pm,vertical,strong,0,5,1.0,0,1,1,1,2,1,4,1,5,1
25_NJ,24,0,54,30/08/2013,02:46:02 pm,horizontal,weak,0,5,1.0,0,1,1,1,3,1,4,1,5,1
25_NJ,24,0,55,30/08/2013,02:46:24 pm,vertical,strong,0,5,1.0,0,1,1,1,3,1,4,1,8,1
25_NJ,24,0,56,30/08/2013,02:46:47 pm,horizontal,weak,0,5,1.0,0,1,1,1,2,1,4,1,6,1
25_NJ,24,0,57,30/08/2013,02:47:10 pm,vertical,strong,0,5,1.0,0,1,1,1,2,1,4,1,9,1
25_NJ,24,0,58,30/08/2013,02:47:33 pm,vertical,strong,1,4,0.8,0,1,1,1,2,1,5,0,8,1
25_NJ,24,0,59,30/08/2013,02:47:56 pm,horizontal,weak,0,5,1.0,0,1,1,1,2,1,3,1,9,1
